"filename", "language", "JSON", "YAML", "Ignore", "JavaScript", "Markdown", "HTML", "XML", "JavaScript React", "Dockerfile", "C#", "Shell Script", "SCSS", "SQL", "CSS", "comment", "blank", "total"
"c:\Users\User\Desktop\Devbridge\Projektas\sourcery-academy-2020-spring-team-edvinas\README.md", "Markdown", 0, 0, 0, 0, 61, 0, 0, 0, 0, 0, 0, 0, 0, 0, 0, 51, 112
"c:\Users\User\Desktop\Devbridge\Projektas\sourcery-academy-2020-spring-team-edvinas\bitbucket-pipelines.yml", "YAML", 0, 37, 0, 0, 0, 0, 0, 0, 0, 0, 0, 0, 0, 0, 7, 4, 48
"c:\Users\User\Desktop\Devbridge\Projektas\sourcery-academy-2020-spring-team-edvinas\book-library-api\.dockerignore", "Ignore", 0, 0, 25, 0, 0, 0, 0, 0, 0, 0, 0, 0, 0, 0, 0, 0, 25
"c:\Users\User\Desktop\Devbridge\Projektas\sourcery-academy-2020-spring-team-edvinas\book-library-api\BookLibrary.DTO\BookLibrary.DTO.csproj", "XML", 0, 0, 0, 0, 0, 0, 8, 0, 0, 0, 0, 0, 0, 0, 0, 4, 12
"c:\Users\User\Desktop\Devbridge\Projektas\sourcery-academy-2020-spring-team-edvinas\book-library-api\BookLibrary.DTO\Books\AddBookDTO.cs", "C#", 0, 0, 0, 0, 0, 0, 0, 0, 0, 27, 0, 0, 0, 0, 0, 2, 29
"c:\Users\User\Desktop\Devbridge\Projektas\sourcery-academy-2020-spring-team-edvinas\book-library-api\BookLibrary.DTO\Books\BookDetailsDTO.cs", "C#", 0, 0, 0, 0, 0, 0, 0, 0, 0, 22, 0, 0, 0, 0, 0, 2, 24
"c:\Users\User\Desktop\Devbridge\Projektas\sourcery-academy-2020-spring-team-edvinas\book-library-api\BookLibrary.DTO\Books\BookListDTO.cs", "C#", 0, 0, 0, 0, 0, 0, 0, 0, 0, 28, 0, 0, 0, 0, 0, 2, 30
"c:\Users\User\Desktop\Devbridge\Projektas\sourcery-academy-2020-spring-team-edvinas\book-library-api\BookLibrary.DTO\Books\LibraryDTO.cs", "C#", 0, 0, 0, 0, 0, 0, 0, 0, 0, 11, 0, 0, 0, 0, 0, 2, 13
"c:\Users\User\Desktop\Devbridge\Projektas\sourcery-academy-2020-spring-team-edvinas\book-library-api\BookLibrary.DTO\Books\RatingResponseDTO.cs", "C#", 0, 0, 0, 0, 0, 0, 0, 0, 0, 12, 0, 0, 0, 0, 0, 2, 14
"c:\Users\User\Desktop\Devbridge\Projektas\sourcery-academy-2020-spring-team-edvinas\book-library-api\BookLibrary.DTO\Comments\CommentCreateDTO.cs", "C#", 0, 0, 0, 0, 0, 0, 0, 0, 0, 11, 0, 0, 0, 0, 0, 2, 13
"c:\Users\User\Desktop\Devbridge\Projektas\sourcery-academy-2020-spring-team-edvinas\book-library-api\BookLibrary.DTO\Comments\CommentDTO.cs", "C#", 0, 0, 0, 0, 0, 0, 0, 0, 0, 26, 0, 0, 0, 0, 0, 3, 29
"c:\Users\User\Desktop\Devbridge\Projektas\sourcery-academy-2020-spring-team-edvinas\book-library-api\BookLibrary.DTO\Reservations\CheckInDTO.cs", "C#", 0, 0, 0, 0, 0, 0, 0, 0, 0, 10, 0, 0, 0, 0, 0, 2, 12
"c:\Users\User\Desktop\Devbridge\Projektas\sourcery-academy-2020-spring-team-edvinas\book-library-api\BookLibrary.DTO\Reservations\ReservationCreateDto.cs", "C#", 0, 0, 0, 0, 0, 0, 0, 0, 0, 14, 0, 0, 0, 0, 0, 2, 16
"c:\Users\User\Desktop\Devbridge\Projektas\sourcery-academy-2020-spring-team-edvinas\book-library-api\BookLibrary.DTO\Reservations\ReservationDTO.cs", "C#", 0, 0, 0, 0, 0, 0, 0, 0, 0, 36, 0, 0, 0, 0, 0, 3, 39
"c:\Users\User\Desktop\Devbridge\Projektas\sourcery-academy-2020-spring-team-edvinas\book-library-api\BookLibrary.DTO\Response\PagedList.cs", "C#", 0, 0, 0, 0, 0, 0, 0, 0, 0, 32, 0, 0, 0, 0, 0, 6, 38
"c:\Users\User\Desktop\Devbridge\Projektas\sourcery-academy-2020-spring-team-edvinas\book-library-api\BookLibrary.DTO\Response\PagedResponseResult.cs", "C#", 0, 0, 0, 0, 0, 0, 0, 0, 0, 16, 0, 0, 0, 0, 0, 2, 18
"c:\Users\User\Desktop\Devbridge\Projektas\sourcery-academy-2020-spring-team-edvinas\book-library-api\BookLibrary.DTO\Users\UserCheckOutDTO.cs", "C#", 0, 0, 0, 0, 0, 0, 0, 0, 0, 18, 0, 0, 0, 0, 0, 3, 21
"c:\Users\User\Desktop\Devbridge\Projektas\sourcery-academy-2020-spring-team-edvinas\book-library-api\BookLibrary.DTO\Users\UserRegisterDTO.cs", "C#", 0, 0, 0, 0, 0, 0, 0, 0, 0, 14, 0, 0, 0, 0, 0, 2, 16
"c:\Users\User\Desktop\Devbridge\Projektas\sourcery-academy-2020-spring-team-edvinas\book-library-api\BookLibrary.DTO\Wishlist\VoteItemDTO.cs", "C#", 0, 0, 0, 0, 0, 0, 0, 0, 0, 11, 0, 0, 0, 0, 0, 2, 13
"c:\Users\User\Desktop\Devbridge\Projektas\sourcery-academy-2020-spring-team-edvinas\book-library-api\BookLibrary.DTO\Wishlist\WishlistItemDTO.cs", "C#", 0, 0, 0, 0, 0, 0, 0, 0, 0, 31, 0, 0, 0, 0, 0, 3, 34
"c:\Users\User\Desktop\Devbridge\Projektas\sourcery-academy-2020-spring-team-edvinas\book-library-api\BookLibrary.DataBase\BookLibrary.DataBase.csproj", "XML", 0, 0, 0, 0, 0, 0, 88, 0, 0, 0, 0, 0, 0, 0, 0, 5, 93
"c:\Users\User\Desktop\Devbridge\Projektas\sourcery-academy-2020-spring-team-edvinas\book-library-api\BookLibrary.DataBase\Migrations\20200321220757_Initial.Designer.cs", "C#", 0, 0, 0, 0, 0, 0, 0, 0, 0, 361, 0, 0, 0, 0, 1, 116, 478
"c:\Users\User\Desktop\Devbridge\Projektas\sourcery-academy-2020-spring-team-edvinas\book-library-api\BookLibrary.DataBase\Migrations\20200321220757_Initial.cs", "C#", 0, 0, 0, 0, 0, 0, 0, 0, 0, 339, 0, 0, 0, 0, 0, 36, 375
"c:\Users\User\Desktop\Devbridge\Projektas\sourcery-academy-2020-spring-team-edvinas\book-library-api\BookLibrary.DataBase\Migrations\20200406153104_AddReleaseAndAddedDate.Designer.cs", "C#", 0, 0, 0, 0, 0, 0, 0, 0, 0, 365, 0, 0, 0, 0, 1, 118, 484
"c:\Users\User\Desktop\Devbridge\Projektas\sourcery-academy-2020-spring-team-edvinas\book-library-api\BookLibrary.DataBase\Migrations\20200406153104_AddReleaseAndAddedDate.cs", "C#", 0, 0, 0, 0, 0, 0, 0, 0, 0, 32, 0, 0, 0, 0, 0, 5, 37
"c:\Users\User\Desktop\Devbridge\Projektas\sourcery-academy-2020-spring-team-edvinas\book-library-api\BookLibrary.DataBase\Migrations\20200408075022_added-book-category.Designer.cs", "C#", 0, 0, 0, 0, 0, 0, 0, 0, 0, 367, 0, 0, 0, 0, 1, 119, 487
"c:\Users\User\Desktop\Devbridge\Projektas\sourcery-academy-2020-spring-team-edvinas\book-library-api\BookLibrary.DataBase\Migrations\20200408075022_added-book-category.cs", "C#", 0, 0, 0, 0, 0, 0, 0, 0, 0, 20, 0, 0, 0, 0, 0, 3, 23
"c:\Users\User\Desktop\Devbridge\Projektas\sourcery-academy-2020-spring-team-edvinas\book-library-api\BookLibrary.DataBase\Migrations\20200410143747_added-more-book-props.Designer.cs", "C#", 0, 0, 0, 0, 0, 0, 0, 0, 0, 373, 0, 0, 0, 0, 1, 122, 496
"c:\Users\User\Desktop\Devbridge\Projektas\sourcery-academy-2020-spring-team-edvinas\book-library-api\BookLibrary.DataBase\Migrations\20200410143747_added-more-book-props.cs", "C#", 0, 0, 0, 0, 0, 0, 0, 0, 0, 35, 0, 0, 0, 0, 0, 7, 42
"c:\Users\User\Desktop\Devbridge\Projektas\sourcery-academy-2020-spring-team-edvinas\book-library-api\BookLibrary.DataBase\Migrations\20200410170611_added-book-props2.Designer.cs", "C#", 0, 0, 0, 0, 0, 0, 0, 0, 0, 377, 0, 0, 0, 0, 1, 124, 502
"c:\Users\User\Desktop\Devbridge\Projektas\sourcery-academy-2020-spring-team-edvinas\book-library-api\BookLibrary.DataBase\Migrations\20200410170611_added-book-props2.cs", "C#", 0, 0, 0, 0, 0, 0, 0, 0, 0, 27, 0, 0, 0, 0, 0, 5, 32
"c:\Users\User\Desktop\Devbridge\Projektas\sourcery-academy-2020-spring-team-edvinas\book-library-api\BookLibrary.DataBase\Migrations\20200422175353_added-hardcoded-offices.Designer.cs", "C#", 0, 0, 0, 0, 0, 0, 0, 0, 0, 403, 0, 0, 0, 0, 1, 125, 529
"c:\Users\User\Desktop\Devbridge\Projektas\sourcery-academy-2020-spring-team-edvinas\book-library-api\BookLibrary.DataBase\Migrations\20200422175353_added-hardcoded-offices.cs", "C#", 0, 0, 0, 0, 0, 0, 0, 0, 0, 44, 0, 0, 0, 0, 0, 7, 51
"c:\Users\User\Desktop\Devbridge\Projektas\sourcery-academy-2020-spring-team-edvinas\book-library-api\BookLibrary.DataBase\Migrations\20200423160754_added-office-adress.Designer.cs", "C#", 0, 0, 0, 0, 0, 0, 0, 0, 0, 405, 0, 0, 0, 0, 1, 126, 532
"c:\Users\User\Desktop\Devbridge\Projektas\sourcery-academy-2020-spring-team-edvinas\book-library-api\BookLibrary.DataBase\Migrations\20200423160754_added-office-adress.cs", "C#", 0, 0, 0, 0, 0, 0, 0, 0, 0, 20, 0, 0, 0, 0, 0, 3, 23
"c:\Users\User\Desktop\Devbridge\Projektas\sourcery-academy-2020-spring-team-edvinas\book-library-api\BookLibrary.DataBase\Migrations\20200423161650_added-office-adress2.Designer.cs", "C#", 0, 0, 0, 0, 0, 0, 0, 0, 0, 410, 0, 0, 0, 0, 1, 126, 537
"c:\Users\User\Desktop\Devbridge\Projektas\sourcery-academy-2020-spring-team-edvinas\book-library-api\BookLibrary.DataBase\Migrations\20200423161650_added-office-adress2.cs", "C#", 0, 0, 0, 0, 0, 0, 0, 0, 0, 73, 0, 0, 0, 0, 0, 11, 84
"c:\Users\User\Desktop\Devbridge\Projektas\sourcery-academy-2020-spring-team-edvinas\book-library-api\BookLibrary.DataBase\Migrations\20200425193115_edited-wish.Designer.cs", "C#", 0, 0, 0, 0, 0, 0, 0, 0, 0, 415, 0, 0, 0, 0, 1, 129, 545
"c:\Users\User\Desktop\Devbridge\Projektas\sourcery-academy-2020-spring-team-edvinas\book-library-api\BookLibrary.DataBase\Migrations\20200425193115_edited-wish.cs", "C#", 0, 0, 0, 0, 0, 0, 0, 0, 0, 82, 0, 0, 0, 0, 0, 15, 97
"c:\Users\User\Desktop\Devbridge\Projektas\sourcery-academy-2020-spring-team-edvinas\book-library-api\BookLibrary.DataBase\Migrations\20200426154813_AddUserVotes.Designer.cs", "C#", 0, 0, 0, 0, 0, 0, 0, 0, 0, 440, 0, 0, 0, 0, 1, 140, 581
"c:\Users\User\Desktop\Devbridge\Projektas\sourcery-academy-2020-spring-team-edvinas\book-library-api\BookLibrary.DataBase\Migrations\20200426154813_AddUserVotes.cs", "C#", 0, 0, 0, 0, 0, 0, 0, 0, 0, 76, 0, 0, 0, 0, 0, 15, 91
"c:\Users\User\Desktop\Devbridge\Projektas\sourcery-academy-2020-spring-team-edvinas\book-library-api\BookLibrary.DataBase\Migrations\20200502102914_ChangeUserVotes.Designer.cs", "C#", 0, 0, 0, 0, 0, 0, 0, 0, 0, 443, 0, 0, 0, 0, 1, 138, 582
"c:\Users\User\Desktop\Devbridge\Projektas\sourcery-academy-2020-spring-team-edvinas\book-library-api\BookLibrary.DataBase\Migrations\20200502102914_ChangeUserVotes.cs", "C#", 0, 0, 0, 0, 0, 0, 0, 0, 0, 97, 0, 0, 0, 0, 0, 21, 118
"c:\Users\User\Desktop\Devbridge\Projektas\sourcery-academy-2020-spring-team-edvinas\book-library-api\BookLibrary.DataBase\Migrations\20200502125232_Reservation-Dates.Designer.cs", "C#", 0, 0, 0, 0, 0, 0, 0, 0, 0, 459, 0, 0, 0, 0, 1, 144, 604
"c:\Users\User\Desktop\Devbridge\Projektas\sourcery-academy-2020-spring-team-edvinas\book-library-api\BookLibrary.DataBase\Migrations\20200502125232_Reservation-Dates.cs", "C#", 0, 0, 0, 0, 0, 0, 0, 0, 0, 129, 0, 0, 0, 0, 0, 23, 152
"c:\Users\User\Desktop\Devbridge\Projektas\sourcery-academy-2020-spring-team-edvinas\book-library-api\BookLibrary.DataBase\Migrations\20200502154006_edited-user.Designer.cs", "C#", 0, 0, 0, 0, 0, 0, 0, 0, 0, 472, 0, 0, 0, 0, 1, 146, 619
"c:\Users\User\Desktop\Devbridge\Projektas\sourcery-academy-2020-spring-team-edvinas\book-library-api\BookLibrary.DataBase\Migrations\20200502154006_edited-user.cs", "C#", 0, 0, 0, 0, 0, 0, 0, 0, 0, 45, 0, 0, 0, 0, 0, 9, 54
"c:\Users\User\Desktop\Devbridge\Projektas\sourcery-academy-2020-spring-team-edvinas\book-library-api\BookLibrary.DataBase\Migrations\20200503161815_added-auto-incr.Designer.cs", "C#", 0, 0, 0, 0, 0, 0, 0, 0, 0, 476, 0, 0, 0, 0, 1, 147, 624
"c:\Users\User\Desktop\Devbridge\Projektas\sourcery-academy-2020-spring-team-edvinas\book-library-api\BookLibrary.DataBase\Migrations\20200503161815_added-auto-incr.cs", "C#", 0, 0, 0, 0, 0, 0, 0, 0, 0, 36, 0, 0, 0, 0, 0, 7, 43
"c:\Users\User\Desktop\Devbridge\Projektas\sourcery-academy-2020-spring-team-edvinas\book-library-api\BookLibrary.DataBase\Migrations\20200503194302_renaming.Designer.cs", "C#", 0, 0, 0, 0, 0, 0, 0, 0, 0, 474, 0, 0, 0, 0, 1, 146, 621
"c:\Users\User\Desktop\Devbridge\Projektas\sourcery-academy-2020-spring-team-edvinas\book-library-api\BookLibrary.DataBase\Migrations\20200503194302_renaming.cs", "C#", 0, 0, 0, 0, 0, 0, 0, 0, 0, 22, 0, 0, 0, 0, 0, 3, 25
"c:\Users\User\Desktop\Devbridge\Projektas\sourcery-academy-2020-spring-team-edvinas\book-library-api\BookLibrary.DataBase\Migrations\20200503194406_renaming2.Designer.cs", "C#", 0, 0, 0, 0, 0, 0, 0, 0, 0, 474, 0, 0, 0, 0, 1, 146, 621
"c:\Users\User\Desktop\Devbridge\Projektas\sourcery-academy-2020-spring-team-edvinas\book-library-api\BookLibrary.DataBase\Migrations\20200503194406_renaming2.cs", "C#", 0, 0, 0, 0, 0, 0, 0, 0, 0, 46, 0, 0, 0, 0, 0, 9, 55
"c:\Users\User\Desktop\Devbridge\Projektas\sourcery-academy-2020-spring-team-edvinas\book-library-api\BookLibrary.DataBase\Migrations\20200507184304_ChangeWaitingToHaveBookCase.Designer.cs", "C#", 0, 0, 0, 0, 0, 0, 0, 0, 0, 477, 0, 0, 0, 0, 1, 144, 622
"c:\Users\User\Desktop\Devbridge\Projektas\sourcery-academy-2020-spring-team-edvinas\book-library-api\BookLibrary.DataBase\Migrations\20200507184304_ChangeWaitingToHaveBookCase.cs", "C#", 0, 0, 0, 0, 0, 0, 0, 0, 0, 69, 0, 0, 0, 0, 0, 14, 83
"c:\Users\User\Desktop\Devbridge\Projektas\sourcery-academy-2020-spring-team-edvinas\book-library-api\BookLibrary.DataBase\Migrations\20200509144833_added-user-props.Designer.cs", "C#", 0, 0, 0, 0, 0, 0, 0, 0, 0, 481, 0, 0, 0, 0, 1, 146, 628
"c:\Users\User\Desktop\Devbridge\Projektas\sourcery-academy-2020-spring-team-edvinas\book-library-api\BookLibrary.DataBase\Migrations\20200509144833_added-user-props.cs", "C#", 0, 0, 0, 0, 0, 0, 0, 0, 0, 61, 0, 0, 0, 0, 98, 35, 194
"c:\Users\User\Desktop\Devbridge\Projektas\sourcery-academy-2020-spring-team-edvinas\book-library-api\BookLibrary.DataBase\Migrations\20200515070636_SecondUser.Designer.cs", "C#", 0, 0, 0, 0, 0, 0, 0, 0, 0, 493, 0, 0, 0, 0, 1, 146, 640
"c:\Users\User\Desktop\Devbridge\Projektas\sourcery-academy-2020-spring-team-edvinas\book-library-api\BookLibrary.DataBase\Migrations\20200515070636_SecondUser.cs", "C#", 0, 0, 0, 0, 0, 0, 0, 0, 0, 21, 0, 0, 0, 0, 0, 3, 24
"c:\Users\User\Desktop\Devbridge\Projektas\sourcery-academy-2020-spring-team-edvinas\book-library-api\BookLibrary.DataBase\Migrations\20200517201858_added-book-archive.Designer.cs", "C#", 0, 0, 0, 0, 0, 0, 0, 0, 0, 495, 0, 0, 0, 0, 1, 147, 643
"c:\Users\User\Desktop\Devbridge\Projektas\sourcery-academy-2020-spring-team-edvinas\book-library-api\BookLibrary.DataBase\Migrations\20200517201858_added-book-archive.cs", "C#", 0, 0, 0, 0, 0, 0, 0, 0, 0, 21, 0, 0, 0, 0, 0, 3, 24
"c:\Users\User\Desktop\Devbridge\Projektas\sourcery-academy-2020-spring-team-edvinas\book-library-api\BookLibrary.DataBase\Migrations\20200520090608_added-admin.Designer.cs", "C#", 0, 0, 0, 0, 0, 0, 0, 0, 0, 512, 0, 0, 0, 0, 1, 148, 661
"c:\Users\User\Desktop\Devbridge\Projektas\sourcery-academy-2020-spring-team-edvinas\book-library-api\BookLibrary.DataBase\Migrations\20200520090608_added-admin.cs", "C#", 0, 0, 0, 0, 0, 0, 0, 0, 0, 29, 0, 0, 0, 0, 0, 5, 34
"c:\Users\User\Desktop\Devbridge\Projektas\sourcery-academy-2020-spring-team-edvinas\book-library-api\BookLibrary.DataBase\Migrations\20200520145732_WishCreatedBy.Designer.cs", "C#", 0, 0, 0, 0, 0, 0, 0, 0, 0, 512, 0, 0, 0, 0, 1, 148, 661
"c:\Users\User\Desktop\Devbridge\Projektas\sourcery-academy-2020-spring-team-edvinas\book-library-api\BookLibrary.DataBase\Migrations\20200520145732_WishCreatedBy.cs", "C#", 0, 0, 0, 0, 0, 0, 0, 0, 0, 26, 0, 0, 0, 0, 0, 3, 29
"c:\Users\User\Desktop\Devbridge\Projektas\sourcery-academy-2020-spring-team-edvinas\book-library-api\BookLibrary.DataBase\Migrations\20200521215341_AddIdentity.Designer.cs", "C#", 0, 0, 0, 0, 0, 0, 0, 0, 0, 701, 0, 0, 0, 0, 1, 215, 917
"c:\Users\User\Desktop\Devbridge\Projektas\sourcery-academy-2020-spring-team-edvinas\book-library-api\BookLibrary.DataBase\Migrations\20200521215341_AddIdentity.cs", "C#", 0, 0, 0, 0, 0, 0, 0, 0, 0, 235, 0, 0, 0, 0, 0, 30, 265
"c:\Users\User\Desktop\Devbridge\Projektas\sourcery-academy-2020-spring-team-edvinas\book-library-api\BookLibrary.DataBase\Migrations\20200522203443_AddIdentityUsers.Designer.cs", "C#", 0, 0, 0, 0, 0, 0, 0, 0, 0, 767, 0, 0, 0, 0, 1, 218, 986
"c:\Users\User\Desktop\Devbridge\Projektas\sourcery-academy-2020-spring-team-edvinas\book-library-api\BookLibrary.DataBase\Migrations\20200522203443_AddIdentityUsers.cs", "C#", 0, 0, 0, 0, 0, 0, 0, 0, 0, 104, 0, 0, 0, 0, 0, 18, 122
"c:\Users\User\Desktop\Devbridge\Projektas\sourcery-academy-2020-spring-team-edvinas\book-library-api\BookLibrary.DataBase\Migrations\20200523154058_Ratings.Designer.cs", "C#", 0, 0, 0, 0, 0, 0, 0, 0, 0, 799, 0, 0, 0, 0, 1, 228, 1028
"c:\Users\User\Desktop\Devbridge\Projektas\sourcery-academy-2020-spring-team-edvinas\book-library-api\BookLibrary.DataBase\Migrations\20200523154058_Ratings.cs", "C#", 0, 0, 0, 0, 0, 0, 0, 0, 0, 49, 0, 0, 0, 0, 0, 5, 54
"c:\Users\User\Desktop\Devbridge\Projektas\sourcery-academy-2020-spring-team-edvinas\book-library-api\BookLibrary.DataBase\Migrations\20200527103319_Comment-Update.Designer.cs", "C#", 0, 0, 0, 0, 0, 0, 0, 0, 0, 805, 0, 0, 0, 0, 1, 230, 1036
"c:\Users\User\Desktop\Devbridge\Projektas\sourcery-academy-2020-spring-team-edvinas\book-library-api\BookLibrary.DataBase\Migrations\20200527103319_Comment-Update.cs", "C#", 0, 0, 0, 0, 0, 0, 0, 0, 0, 38, 0, 0, 0, 0, 0, 7, 45
"c:\Users\User\Desktop\Devbridge\Projektas\sourcery-academy-2020-spring-team-edvinas\book-library-api\BookLibrary.DataBase\Migrations\LibraryDBContextModelSnapshot.cs", "C#", 0, 0, 0, 0, 0, 0, 0, 0, 0, 803, 0, 0, 0, 0, 1, 230, 1034
"c:\Users\User\Desktop\Devbridge\Projektas\sourcery-academy-2020-spring-team-edvinas\book-library-api\BookLibrary.DataBase\Models\Book.cs", "C#", 0, 0, 0, 0, 0, 0, 0, 0, 0, 62, 0, 0, 0, 0, 0, 4, 66
"c:\Users\User\Desktop\Devbridge\Projektas\sourcery-academy-2020-spring-team-edvinas\book-library-api\BookLibrary.DataBase\Models\BookCase.cs", "C#", 0, 0, 0, 0, 0, 0, 0, 0, 0, 27, 0, 0, 0, 0, 0, 4, 31
"c:\Users\User\Desktop\Devbridge\Projektas\sourcery-academy-2020-spring-team-edvinas\book-library-api\BookLibrary.DataBase\Models\BookCaseComment.cs", "C#", 0, 0, 0, 0, 0, 0, 0, 0, 0, 14, 0, 0, 0, 0, 0, 3, 17
"c:\Users\User\Desktop\Devbridge\Projektas\sourcery-academy-2020-spring-team-edvinas\book-library-api\BookLibrary.DataBase\Models\BookComment.cs", "C#", 0, 0, 0, 0, 0, 0, 0, 0, 0, 16, 0, 0, 0, 0, 0, 2, 18
"c:\Users\User\Desktop\Devbridge\Projektas\sourcery-academy-2020-spring-team-edvinas\book-library-api\BookLibrary.DataBase\Models\BookWish.cs", "C#", 0, 0, 0, 0, 0, 0, 0, 0, 0, 15, 0, 0, 0, 0, 0, 3, 18
"c:\Users\User\Desktop\Devbridge\Projektas\sourcery-academy-2020-spring-team-edvinas\book-library-api\BookLibrary.DataBase\Models\Library.cs", "C#", 0, 0, 0, 0, 0, 0, 0, 0, 0, 26, 0, 0, 0, 0, 0, 4, 30
"c:\Users\User\Desktop\Devbridge\Projektas\sourcery-academy-2020-spring-team-edvinas\book-library-api\BookLibrary.DataBase\Models\LibraryComment.cs", "C#", 0, 0, 0, 0, 0, 0, 0, 0, 0, 14, 0, 0, 0, 0, 0, 3, 17
"c:\Users\User\Desktop\Devbridge\Projektas\sourcery-academy-2020-spring-team-edvinas\book-library-api\BookLibrary.DataBase\Models\LibraryDBContext.cs", "C#", 0, 0, 0, 0, 0, 0, 0, 0, 0, 314, 0, 0, 0, 0, 8, 60, 382
"c:\Users\User\Desktop\Devbridge\Projektas\sourcery-academy-2020-spring-team-edvinas\book-library-api\BookLibrary.DataBase\Models\Office.cs", "C#", 0, 0, 0, 0, 0, 0, 0, 0, 0, 25, 0, 0, 0, 0, 0, 2, 27
"c:\Users\User\Desktop\Devbridge\Projektas\sourcery-academy-2020-spring-team-edvinas\book-library-api\BookLibrary.DataBase\Models\Rating.cs", "C#", 0, 0, 0, 0, 0, 0, 0, 0, 0, 23, 0, 0, 0, 0, 0, 3, 26
"c:\Users\User\Desktop\Devbridge\Projektas\sourcery-academy-2020-spring-team-edvinas\book-library-api\BookLibrary.DataBase\Models\Reservation.cs", "C#", 0, 0, 0, 0, 0, 0, 0, 0, 0, 18, 0, 0, 0, 0, 0, 2, 20
"c:\Users\User\Desktop\Devbridge\Projektas\sourcery-academy-2020-spring-team-edvinas\book-library-api\BookLibrary.DataBase\Models\User.cs", "C#", 0, 0, 0, 0, 0, 0, 0, 0, 0, 48, 0, 0, 0, 0, 0, 3, 51
"c:\Users\User\Desktop\Devbridge\Projektas\sourcery-academy-2020-spring-team-edvinas\book-library-api\BookLibrary.DataBase\Models\UserWish.cs", "C#", 0, 0, 0, 0, 0, 0, 0, 0, 0, 17, 0, 0, 0, 0, 0, 2, 19
"c:\Users\User\Desktop\Devbridge\Projektas\sourcery-academy-2020-spring-team-edvinas\book-library-api\BookLibrary.DataBase\Models\Waiting.cs", "C#", 0, 0, 0, 0, 0, 0, 0, 0, 0, 14, 0, 0, 0, 0, 0, 3, 17
"c:\Users\User\Desktop\Devbridge\Projektas\sourcery-academy-2020-spring-team-edvinas\book-library-api\BookLibrary.DataBase\Models\Wish.cs", "C#", 0, 0, 0, 0, 0, 0, 0, 0, 0, 17, 0, 0, 0, 0, 0, 2, 19
"c:\Users\User\Desktop\Devbridge\Projektas\sourcery-academy-2020-spring-team-edvinas\book-library-api\BookLibrary.Services\BookLibrary.Services.csproj", "XML", 0, 0, 0, 0, 0, 0, 12, 0, 0, 0, 0, 0, 0, 0, 0, 5, 17
"c:\Users\User\Desktop\Devbridge\Projektas\sourcery-academy-2020-spring-team-edvinas\book-library-api\BookLibrary.Services\Books\BooksService.cs", "C#", 0, 0, 0, 0, 0, 0, 0, 0, 0, 490, 0, 0, 0, 0, 1, 47, 538
"c:\Users\User\Desktop\Devbridge\Projektas\sourcery-academy-2020-spring-team-edvinas\book-library-api\BookLibrary.Services\Comments\CommentsService.cs", "C#", 0, 0, 0, 0, 0, 0, 0, 0, 0, 65, 0, 0, 0, 0, 0, 10, 75
"c:\Users\User\Desktop\Devbridge\Projektas\sourcery-academy-2020-spring-team-edvinas\book-library-api\BookLibrary.Services\Contracts\IBooksService.cs", "C#", 0, 0, 0, 0, 0, 0, 0, 0, 0, 31, 0, 0, 0, 0, 0, 2, 33
"c:\Users\User\Desktop\Devbridge\Projektas\sourcery-academy-2020-spring-team-edvinas\book-library-api\BookLibrary.Services\Contracts\ICommentsService.cs", "C#", 0, 0, 0, 0, 0, 0, 0, 0, 0, 17, 0, 0, 0, 0, 0, 2, 19
"c:\Users\User\Desktop\Devbridge\Projektas\sourcery-academy-2020-spring-team-edvinas\book-library-api\BookLibrary.Services\Contracts\ILoggerManager.cs", "C#", 0, 0, 0, 0, 0, 0, 0, 0, 0, 13, 0, 0, 0, 0, 0, 2, 15
"c:\Users\User\Desktop\Devbridge\Projektas\sourcery-academy-2020-spring-team-edvinas\book-library-api\BookLibrary.Services\Contracts\IOfficesService.cs", "C#", 0, 0, 0, 0, 0, 0, 0, 0, 0, 13, 0, 0, 0, 0, 0, 2, 15
"c:\Users\User\Desktop\Devbridge\Projektas\sourcery-academy-2020-spring-team-edvinas\book-library-api\BookLibrary.Services\Contracts\IReservationsService.cs", "C#", 0, 0, 0, 0, 0, 0, 0, 0, 0, 22, 0, 0, 0, 0, 0, 2, 24
"c:\Users\User\Desktop\Devbridge\Projektas\sourcery-academy-2020-spring-team-edvinas\book-library-api\BookLibrary.Services\Contracts\IUsersService.cs", "C#", 0, 0, 0, 0, 0, 0, 0, 0, 0, 17, 0, 0, 0, 0, 0, 2, 19
"c:\Users\User\Desktop\Devbridge\Projektas\sourcery-academy-2020-spring-team-edvinas\book-library-api\BookLibrary.Services\Contracts\IWishlistService.cs", "C#", 0, 0, 0, 0, 0, 0, 0, 0, 0, 20, 0, 0, 0, 0, 0, 2, 22
"c:\Users\User\Desktop\Devbridge\Projektas\sourcery-academy-2020-spring-team-edvinas\book-library-api\BookLibrary.Services\ExceptionHandling\Exceptions\HandledException.cs", "C#", 0, 0, 0, 0, 0, 0, 0, 0, 0, 10, 0, 0, 0, 0, 0, 2, 12
"c:\Users\User\Desktop\Devbridge\Projektas\sourcery-academy-2020-spring-team-edvinas\book-library-api\BookLibrary.Services\ExceptionHandling\Middleware\ExceptionMiddleware.cs", "C#", 0, 0, 0, 0, 0, 0, 0, 0, 0, 40, 0, 0, 0, 0, 0, 6, 46
"c:\Users\User\Desktop\Devbridge\Projektas\sourcery-academy-2020-spring-team-edvinas\book-library-api\BookLibrary.Services\ExceptionHandling\Middleware\ExceptionMiddlewareExtensions.cs", "C#", 0, 0, 0, 0, 0, 0, 0, 0, 0, 19, 0, 0, 0, 0, 0, 3, 22
"c:\Users\User\Desktop\Devbridge\Projektas\sourcery-academy-2020-spring-team-edvinas\book-library-api\BookLibrary.Services\Logger\LoggerManager.cs", "C#", 0, 0, 0, 0, 0, 0, 0, 0, 0, 28, 0, 0, 0, 0, 0, 5, 33
"c:\Users\User\Desktop\Devbridge\Projektas\sourcery-academy-2020-spring-team-edvinas\book-library-api\BookLibrary.Services\Offices\OfficesService.cs", "C#", 0, 0, 0, 0, 0, 0, 0, 0, 0, 24, 0, 0, 0, 0, 0, 3, 27
"c:\Users\User\Desktop\Devbridge\Projektas\sourcery-academy-2020-spring-team-edvinas\book-library-api\BookLibrary.Services\Reservations\ReservationsService.cs", "C#", 0, 0, 0, 0, 0, 0, 0, 0, 0, 282, 0, 0, 0, 0, 0, 28, 310
"c:\Users\User\Desktop\Devbridge\Projektas\sourcery-academy-2020-spring-team-edvinas\book-library-api\BookLibrary.Services\User\UsersService.cs", "C#", 0, 0, 0, 0, 0, 0, 0, 0, 0, 66, 0, 0, 0, 0, 0, 7, 73
"c:\Users\User\Desktop\Devbridge\Projektas\sourcery-academy-2020-spring-team-edvinas\book-library-api\BookLibrary.Services\Wishlist\WishlistService.cs", "C#", 0, 0, 0, 0, 0, 0, 0, 0, 0, 176, 0, 0, 0, 0, 0, 14, 190
"c:\Users\User\Desktop\Devbridge\Projektas\sourcery-academy-2020-spring-team-edvinas\book-library-api\Services\BookLibrary.Services.csproj", "XML", 0, 0, 0, 0, 0, 0, 5, 0, 0, 0, 0, 0, 0, 0, 0, 3, 8
"c:\Users\User\Desktop\Devbridge\Projektas\sourcery-academy-2020-spring-team-edvinas\book-library-api\book-library-api\BookLibrary.API.csproj", "XML", 0, 0, 0, 0, 0, 0, 40, 0, 0, 0, 0, 0, 0, 0, 0, 8, 48
"c:\Users\User\Desktop\Devbridge\Projektas\sourcery-academy-2020-spring-team-edvinas\book-library-api\book-library-api\Controllers\ApiControllerBase.cs", "C#", 0, 0, 0, 0, 0, 0, 0, 0, 0, 16, 0, 0, 0, 0, 1, 1, 18
"c:\Users\User\Desktop\Devbridge\Projektas\sourcery-academy-2020-spring-team-edvinas\book-library-api\book-library-api\Controllers\Auth\AuthController.cs", "C#", 0, 0, 0, 0, 0, 0, 0, 0, 0, 80, 0, 0, 0, 0, 2, 17, 99
"c:\Users\User\Desktop\Devbridge\Projektas\sourcery-academy-2020-spring-team-edvinas\book-library-api\book-library-api\Controllers\Books\BooksController.cs", "C#", 0, 0, 0, 0, 0, 0, 0, 0, 0, 97, 0, 0, 0, 0, 0, 16, 113
"c:\Users\User\Desktop\Devbridge\Projektas\sourcery-academy-2020-spring-team-edvinas\book-library-api\book-library-api\Controllers\Comments\CommentsController.cs", "C#", 0, 0, 0, 0, 0, 0, 0, 0, 0, 42, 0, 0, 0, 0, 0, 6, 48
"c:\Users\User\Desktop\Devbridge\Projektas\sourcery-academy-2020-spring-team-edvinas\book-library-api\book-library-api\Controllers\Offices\OfficesController.cs", "C#", 0, 0, 0, 0, 0, 0, 0, 0, 0, 29, 0, 0, 0, 0, 0, 4, 33
"c:\Users\User\Desktop\Devbridge\Projektas\sourcery-academy-2020-spring-team-edvinas\book-library-api\book-library-api\Controllers\Reservations\ReservationsController.cs", "C#", 0, 0, 0, 0, 0, 0, 0, 0, 0, 60, 0, 0, 0, 0, 1, 8, 69
"c:\Users\User\Desktop\Devbridge\Projektas\sourcery-academy-2020-spring-team-edvinas\book-library-api\book-library-api\Controllers\Users\UsersController.cs", "C#", 0, 0, 0, 0, 0, 0, 0, 0, 0, 46, 0, 0, 0, 0, 0, 8, 54
"c:\Users\User\Desktop\Devbridge\Projektas\sourcery-academy-2020-spring-team-edvinas\book-library-api\book-library-api\Controllers\Wishlist\WishlistController.cs", "C#", 0, 0, 0, 0, 0, 0, 0, 0, 0, 55, 0, 0, 0, 0, 0, 7, 62
"c:\Users\User\Desktop\Devbridge\Projektas\sourcery-academy-2020-spring-team-edvinas\book-library-api\book-library-api\Dockerfile", "Dockerfile", 0, 0, 0, 0, 0, 0, 0, 0, 5, 0, 0, 0, 0, 0, 1, 1, 7
"c:\Users\User\Desktop\Devbridge\Projektas\sourcery-academy-2020-spring-team-edvinas\book-library-api\book-library-api\Program.cs", "C#", 0, 0, 0, 0, 0, 0, 0, 0, 0, 18, 0, 0, 0, 0, 0, 3, 21
"c:\Users\User\Desktop\Devbridge\Projektas\sourcery-academy-2020-spring-team-edvinas\book-library-api\book-library-api\Properties\launchSettings.json", "JSON", 41, 0, 0, 0, 0, 0, 0, 0, 0, 0, 0, 0, 0, 0, 0, 0, 41
"c:\Users\User\Desktop\Devbridge\Projektas\sourcery-academy-2020-spring-team-edvinas\book-library-api\book-library-api\Startup.cs", "C#", 0, 0, 0, 0, 0, 0, 0, 0, 0, 119, 0, 0, 0, 0, 2, 30, 151
"c:\Users\User\Desktop\Devbridge\Projektas\sourcery-academy-2020-spring-team-edvinas\book-library-api\book-library-api\app.yaml", "YAML", 0, 5, 0, 0, 0, 0, 0, 0, 0, 0, 0, 0, 0, 0, 0, 0, 5
"c:\Users\User\Desktop\Devbridge\Projektas\sourcery-academy-2020-spring-team-edvinas\book-library-api\book-library-api\appsettings.Development.json", "JSON", 9, 0, 0, 0, 0, 0, 0, 0, 0, 0, 0, 0, 0, 0, 0, 1, 10
"c:\Users\User\Desktop\Devbridge\Projektas\sourcery-academy-2020-spring-team-edvinas\book-library-api\book-library-api\appsettings.json", "JSON", 13, 0, 0, 0, 0, 0, 0, 0, 0, 0, 0, 0, 0, 0, 1, 1, 15
"c:\Users\User\Desktop\Devbridge\Projektas\sourcery-academy-2020-spring-team-edvinas\book-library\.eslintrc.json", "JSON", 39, 0, 0, 0, 0, 0, 0, 0, 0, 0, 0, 0, 0, 0, 0, 0, 39
"c:\Users\User\Desktop\Devbridge\Projektas\sourcery-academy-2020-spring-team-edvinas\book-library\.prettierignore", "Ignore", 0, 0, 3, 0, 0, 0, 0, 0, 0, 0, 0, 0, 0, 0, 0, 0, 3
"c:\Users\User\Desktop\Devbridge\Projektas\sourcery-academy-2020-spring-team-edvinas\book-library\.prettierrc", "JSON", 5, 0, 0, 0, 0, 0, 0, 0, 0, 0, 0, 0, 0, 0, 0, 0, 5
"c:\Users\User\Desktop\Devbridge\Projektas\sourcery-academy-2020-spring-team-edvinas\book-library\README.md", "Markdown", 0, 0, 0, 0, 37, 0, 0, 0, 0, 0, 0, 0, 0, 0, 0, 32, 69
"c:\Users\User\Desktop\Devbridge\Projektas\sourcery-academy-2020-spring-team-edvinas\book-library\babel.config.js", "JavaScript", 0, 0, 0, 3, 0, 0, 0, 0, 0, 0, 0, 0, 0, 0, 0, 0, 3
"c:\Users\User\Desktop\Devbridge\Projektas\sourcery-academy-2020-spring-team-edvinas\book-library\gulpfile.js", "JavaScript", 0, 0, 0, 9, 0, 0, 0, 0, 0, 0, 0, 0, 0, 0, 0, 1, 10
"c:\Users\User\Desktop\Devbridge\Projektas\sourcery-academy-2020-spring-team-edvinas\book-library\lint-staged.config.js", "JavaScript", 0, 0, 0, 3, 0, 0, 0, 0, 0, 0, 0, 0, 0, 0, 8, 0, 11
"c:\Users\User\Desktop\Devbridge\Projektas\sourcery-academy-2020-spring-team-edvinas\book-library\package-lock.json", "JSON", 19694, 0, 0, 0, 0, 0, 0, 0, 0, 0, 0, 0, 0, 0, 0, 1, 19695
"c:\Users\User\Desktop\Devbridge\Projektas\sourcery-academy-2020-spring-team-edvinas\book-library\package.json", "JSON", 77, 0, 0, 0, 0, 0, 0, 0, 0, 0, 0, 0, 0, 0, 0, 1, 78
"c:\Users\User\Desktop\Devbridge\Projektas\sourcery-academy-2020-spring-team-edvinas\book-library\public\index.html", "HTML", 0, 0, 0, 0, 0, 19, 0, 0, 0, 0, 0, 0, 0, 0, 23, 1, 43
"c:\Users\User\Desktop\Devbridge\Projektas\sourcery-academy-2020-spring-team-edvinas\book-library\public\manifest.json", "JSON", 15, 0, 0, 0, 0, 0, 0, 0, 0, 0, 0, 0, 0, 0, 0, 1, 16
"c:\Users\User\Desktop\Devbridge\Projektas\sourcery-academy-2020-spring-team-edvinas\book-library\public\no_image.svg", "XML", 0, 0, 0, 0, 0, 0, 17, 0, 0, 0, 0, 0, 0, 0, 0, 2, 19
"c:\Users\User\Desktop\Devbridge\Projektas\sourcery-academy-2020-spring-team-edvinas\book-library\sass\components\_authorization.scss", "SCSS", 0, 0, 0, 0, 0, 0, 0, 0, 0, 0, 0, 28, 0, 0, 1, 5, 34
"c:\Users\User\Desktop\Devbridge\Projektas\sourcery-academy-2020-spring-team-edvinas\book-library\sass\components\_book-availability-section.scss", "SCSS", 0, 0, 0, 0, 0, 0, 0, 0, 0, 0, 0, 64, 0, 0, 0, 1, 65
"c:\Users\User\Desktop\Devbridge\Projektas\sourcery-academy-2020-spring-team-edvinas\book-library\sass\components\_book-details.scss", "SCSS", 0, 0, 0, 0, 0, 0, 0, 0, 0, 0, 0, 68, 0, 0, 0, 15, 83
"c:\Users\User\Desktop\Devbridge\Projektas\sourcery-academy-2020-spring-team-edvinas\book-library\sass\components\_book-grid.scss", "SCSS", 0, 0, 0, 0, 0, 0, 0, 0, 0, 0, 0, 93, 0, 0, 0, 16, 109
"c:\Users\User\Desktop\Devbridge\Projektas\sourcery-academy-2020-spring-team-edvinas\book-library\sass\components\_book-reservation-section.scss", "SCSS", 0, 0, 0, 0, 0, 0, 0, 0, 0, 0, 0, 34, 0, 0, 0, 8, 42
"c:\Users\User\Desktop\Devbridge\Projektas\sourcery-academy-2020-spring-team-edvinas\book-library\sass\components\_book-status.scss", "SCSS", 0, 0, 0, 0, 0, 0, 0, 0, 0, 0, 0, 46, 0, 0, 0, 10, 56
"c:\Users\User\Desktop\Devbridge\Projektas\sourcery-academy-2020-spring-team-edvinas\book-library\sass\components\_books-section.scss", "SCSS", 0, 0, 0, 0, 0, 0, 0, 0, 0, 0, 0, 28, 0, 0, 0, 4, 32
"c:\Users\User\Desktop\Devbridge\Projektas\sourcery-academy-2020-spring-team-edvinas\book-library\sass\components\_button.scss", "SCSS", 0, 0, 0, 0, 0, 0, 0, 0, 0, 0, 0, 160, 0, 0, 0, 41, 201
"c:\Users\User\Desktop\Devbridge\Projektas\sourcery-academy-2020-spring-team-edvinas\book-library\sass\components\_cant-find.scss", "SCSS", 0, 0, 0, 0, 0, 0, 0, 0, 0, 0, 0, 22, 0, 0, 0, 2, 24
"c:\Users\User\Desktop\Devbridge\Projektas\sourcery-academy-2020-spring-team-edvinas\book-library\sass\components\_categories.scss", "SCSS", 0, 0, 0, 0, 0, 0, 0, 0, 0, 0, 0, 0, 0, 0, 0, 1, 1
"c:\Users\User\Desktop\Devbridge\Projektas\sourcery-academy-2020-spring-team-edvinas\book-library\sass\components\_check-in-form.scss", "SCSS", 0, 0, 0, 0, 0, 0, 0, 0, 0, 0, 0, 41, 0, 0, 0, 2, 43
"c:\Users\User\Desktop\Devbridge\Projektas\sourcery-academy-2020-spring-team-edvinas\book-library\sass\components\_comments.scss", "SCSS", 0, 0, 0, 0, 0, 0, 0, 0, 0, 0, 0, 51, 0, 0, 0, 11, 62
"c:\Users\User\Desktop\Devbridge\Projektas\sourcery-academy-2020-spring-team-edvinas\book-library\sass\components\_confirmation-form.scss", "SCSS", 0, 0, 0, 0, 0, 0, 0, 0, 0, 0, 0, 14, 0, 0, 0, 1, 15
"c:\Users\User\Desktop\Devbridge\Projektas\sourcery-academy-2020-spring-team-edvinas\book-library\sass\components\_currently-reading.scss", "SCSS", 0, 0, 0, 0, 0, 0, 0, 0, 0, 0, 0, 90, 0, 0, 0, 14, 104
"c:\Users\User\Desktop\Devbridge\Projektas\sourcery-academy-2020-spring-team-edvinas\book-library\sass\components\_dashboard.scss", "SCSS", 0, 0, 0, 0, 0, 0, 0, 0, 0, 0, 0, 11, 0, 0, 0, 1, 12
"c:\Users\User\Desktop\Devbridge\Projektas\sourcery-academy-2020-spring-team-edvinas\book-library\sass\components\_filter-popup.scss", "SCSS", 0, 0, 0, 0, 0, 0, 0, 0, 0, 0, 0, 172, 0, 0, 0, 26, 198
"c:\Users\User\Desktop\Devbridge\Projektas\sourcery-academy-2020-spring-team-edvinas\book-library\sass\components\_modal.scss", "SCSS", 0, 0, 0, 0, 0, 0, 0, 0, 0, 0, 0, 11, 0, 0, 0, 0, 11
"c:\Users\User\Desktop\Devbridge\Projektas\sourcery-academy-2020-spring-team-edvinas\book-library\sass\components\_rating.scss", "SCSS", 0, 0, 0, 0, 0, 0, 0, 0, 0, 0, 0, 24, 0, 0, 0, 5, 29
"c:\Users\User\Desktop\Devbridge\Projektas\sourcery-academy-2020-spring-team-edvinas\book-library\sass\components\_reservation-modal.scss", "SCSS", 0, 0, 0, 0, 0, 0, 0, 0, 0, 0, 0, 50, 0, 0, 0, 10, 60
"c:\Users\User\Desktop\Devbridge\Projektas\sourcery-academy-2020-spring-team-edvinas\book-library\sass\components\_reservation-panel.scss", "SCSS", 0, 0, 0, 0, 0, 0, 0, 0, 0, 0, 0, 8, 0, 0, 0, 1, 9
"c:\Users\User\Desktop\Devbridge\Projektas\sourcery-academy-2020-spring-team-edvinas\book-library\sass\components\_reservations-table.scss", "SCSS", 0, 0, 0, 0, 0, 0, 0, 0, 0, 0, 0, 85, 0, 0, 0, 23, 108
"c:\Users\User\Desktop\Devbridge\Projektas\sourcery-academy-2020-spring-team-edvinas\book-library\sass\components\_return-date.scss", "SCSS", 0, 0, 0, 0, 0, 0, 0, 0, 0, 0, 0, 9, 0, 0, 0, 2, 11
"c:\Users\User\Desktop\Devbridge\Projektas\sourcery-academy-2020-spring-team-edvinas\book-library\sass\components\_search-bar-result-block.scss", "SCSS", 0, 0, 0, 0, 0, 0, 0, 0, 0, 0, 0, 41, 0, 0, 0, 4, 45
"c:\Users\User\Desktop\Devbridge\Projektas\sourcery-academy-2020-spring-team-edvinas\book-library\sass\components\_search-bar.scss", "SCSS", 0, 0, 0, 0, 0, 0, 0, 0, 0, 0, 0, 23, 0, 0, 0, 0, 23
"c:\Users\User\Desktop\Devbridge\Projektas\sourcery-academy-2020-spring-team-edvinas\book-library\sass\components\_select.scss", "SCSS", 0, 0, 0, 0, 0, 0, 0, 0, 0, 0, 0, 54, 0, 0, 0, 9, 63
"c:\Users\User\Desktop\Devbridge\Projektas\sourcery-academy-2020-spring-team-edvinas\book-library\sass\components\_spinner.scss", "SCSS", 0, 0, 0, 0, 0, 0, 0, 0, 0, 0, 0, 248, 0, 0, 0, 46, 294
"c:\Users\User\Desktop\Devbridge\Projektas\sourcery-academy-2020-spring-team-edvinas\book-library\sass\components\_user-form.scss", "SCSS", 0, 0, 0, 0, 0, 0, 0, 0, 0, 0, 0, 2, 0, 0, 0, 1, 3
"c:\Users\User\Desktop\Devbridge\Projektas\sourcery-academy-2020-spring-team-edvinas\book-library\sass\components\_wishform.scss", "SCSS", 0, 0, 0, 0, 0, 0, 0, 0, 0, 0, 0, 12, 0, 0, 0, 1, 13
"c:\Users\User\Desktop\Devbridge\Projektas\sourcery-academy-2020-spring-team-edvinas\book-library\sass\components\_wishlist.scss", "SCSS", 0, 0, 0, 0, 0, 0, 0, 0, 0, 0, 0, 15, 0, 0, 0, 2, 17
"c:\Users\User\Desktop\Devbridge\Projektas\sourcery-academy-2020-spring-team-edvinas\book-library\sass\core\_functions.scss", "SCSS", 0, 0, 0, 0, 0, 0, 0, 0, 0, 0, 0, 3, 0, 0, 0, 0, 3
"c:\Users\User\Desktop\Devbridge\Projektas\sourcery-academy-2020-spring-team-edvinas\book-library\sass\core\_idons.scss", "SCSS", 0, 0, 0, 0, 0, 0, 0, 0, 0, 0, 0, 14, 0, 0, 0, 3, 17
"c:\Users\User\Desktop\Devbridge\Projektas\sourcery-academy-2020-spring-team-edvinas\book-library\sass\core\_mixins.scss", "SCSS", 0, 0, 0, 0, 0, 0, 0, 0, 0, 0, 0, 50, 0, 0, 0, 8, 58
"c:\Users\User\Desktop\Devbridge\Projektas\sourcery-academy-2020-spring-team-edvinas\book-library\sass\core\_typography.scss", "SCSS", 0, 0, 0, 0, 0, 0, 0, 0, 0, 0, 0, 70, 0, 0, 0, 9, 79
"c:\Users\User\Desktop\Devbridge\Projektas\sourcery-academy-2020-spring-team-edvinas\book-library\sass\core\_variables.scss", "SCSS", 0, 0, 0, 0, 0, 0, 0, 0, 0, 0, 0, 27, 0, 0, 3, 12, 42
"c:\Users\User\Desktop\Devbridge\Projektas\sourcery-academy-2020-spring-team-edvinas\book-library\sass\layout\_form.scss", "SCSS", 0, 0, 0, 0, 0, 0, 0, 0, 0, 0, 0, 115, 0, 0, 0, 27, 142
"c:\Users\User\Desktop\Devbridge\Projektas\sourcery-academy-2020-spring-team-edvinas\book-library\sass\layout\_global.scss", "SCSS", 0, 0, 0, 0, 0, 0, 0, 0, 0, 0, 0, 104, 0, 0, 1, 19, 124
"c:\Users\User\Desktop\Devbridge\Projektas\sourcery-academy-2020-spring-team-edvinas\book-library\sass\layout\_header.scss", "SCSS", 0, 0, 0, 0, 0, 0, 0, 0, 0, 0, 0, 95, 0, 0, 0, 17, 112
"c:\Users\User\Desktop\Devbridge\Projektas\sourcery-academy-2020-spring-team-edvinas\book-library\sass\layout\_modal.scss", "SCSS", 0, 0, 0, 0, 0, 0, 0, 0, 0, 0, 0, 3, 0, 0, 0, 0, 3
"c:\Users\User\Desktop\Devbridge\Projektas\sourcery-academy-2020-spring-team-edvinas\book-library\sass\layout\_page.scss", "SCSS", 0, 0, 0, 0, 0, 0, 0, 0, 0, 0, 0, 10, 0, 0, 0, 2, 12
"c:\Users\User\Desktop\Devbridge\Projektas\sourcery-academy-2020-spring-team-edvinas\book-library\sass\layout\_panel.scss", "SCSS", 0, 0, 0, 0, 0, 0, 0, 0, 0, 0, 0, 45, 0, 0, 0, 8, 53
"c:\Users\User\Desktop\Devbridge\Projektas\sourcery-academy-2020-spring-team-edvinas\book-library\sass\layout\_sidebar.scss", "SCSS", 0, 0, 0, 0, 0, 0, 0, 0, 0, 0, 0, 151, 0, 0, 0, 30, 181
"c:\Users\User\Desktop\Devbridge\Projektas\sourcery-academy-2020-spring-team-edvinas\book-library\sass\main.scss", "SCSS", 0, 0, 0, 0, 0, 0, 0, 0, 0, 0, 0, 42, 0, 0, 0, 5, 47
"c:\Users\User\Desktop\Devbridge\Projektas\sourcery-academy-2020-spring-team-edvinas\book-library\sass\svg\_sassvg-data.scss", "SCSS", 0, 0, 0, 0, 0, 0, 0, 0, 0, 0, 0, 27, 0, 0, 0, 2, 29
"c:\Users\User\Desktop\Devbridge\Projektas\sourcery-academy-2020-spring-team-edvinas\book-library\sass\svg\_sassvg.scss", "SCSS", 0, 0, 0, 0, 0, 0, 0, 0, 0, 0, 0, 57, 0, 0, 92, 13, 162
"c:\Users\User\Desktop\Devbridge\Projektas\sourcery-academy-2020-spring-team-edvinas\book-library\sass\svg\check_box.svg", "XML", 0, 0, 0, 0, 0, 0, 1, 0, 0, 0, 0, 0, 0, 0, 0, 0, 1
"c:\Users\User\Desktop\Devbridge\Projektas\sourcery-academy-2020-spring-team-edvinas\book-library\sass\svg\check_box_blank.svg", "XML", 0, 0, 0, 0, 0, 0, 1, 0, 0, 0, 0, 0, 0, 0, 0, 0, 1
"c:\Users\User\Desktop\Devbridge\Projektas\sourcery-academy-2020-spring-team-edvinas\book-library\sass\svg\check_circle.svg", "XML", 0, 0, 0, 0, 0, 0, 1, 0, 0, 0, 0, 0, 0, 0, 0, 0, 1
"c:\Users\User\Desktop\Devbridge\Projektas\sourcery-academy-2020-spring-team-edvinas\book-library\sass\svg\dashboard.svg", "XML", 0, 0, 0, 0, 0, 0, 3, 0, 0, 0, 0, 0, 0, 0, 0, 1, 4
"c:\Users\User\Desktop\Devbridge\Projektas\sourcery-academy-2020-spring-team-edvinas\book-library\sass\svg\delete.svg", "XML", 0, 0, 0, 0, 0, 0, 1, 0, 0, 0, 0, 0, 0, 0, 0, 0, 1
"c:\Users\User\Desktop\Devbridge\Projektas\sourcery-academy-2020-spring-team-edvinas\book-library\sass\svg\edit.svg", "XML", 0, 0, 0, 0, 0, 0, 3, 0, 0, 0, 0, 0, 0, 0, 0, 1, 4
"c:\Users\User\Desktop\Devbridge\Projektas\sourcery-academy-2020-spring-team-edvinas\book-library\sass\svg\help.svg", "XML", 0, 0, 0, 0, 0, 0, 3, 0, 0, 0, 0, 0, 0, 0, 0, 1, 4
"c:\Users\User\Desktop\Devbridge\Projektas\sourcery-academy-2020-spring-team-edvinas\book-library\sass\svg\history.svg", "XML", 0, 0, 0, 0, 0, 0, 3, 0, 0, 0, 0, 0, 0, 0, 0, 1, 4
"c:\Users\User\Desktop\Devbridge\Projektas\sourcery-academy-2020-spring-team-edvinas\book-library\sass\svg\library.svg", "XML", 0, 0, 0, 0, 0, 0, 3, 0, 0, 0, 0, 0, 0, 0, 0, 1, 4
"c:\Users\User\Desktop\Devbridge\Projektas\sourcery-academy-2020-spring-team-edvinas\book-library\sass\svg\logo.svg", "XML", 0, 0, 0, 0, 0, 0, 5, 0, 0, 0, 0, 0, 0, 0, 0, 1, 6
"c:\Users\User\Desktop\Devbridge\Projektas\sourcery-academy-2020-spring-team-edvinas\book-library\sass\svg\logout.svg", "XML", 0, 0, 0, 0, 0, 0, 3, 0, 0, 0, 0, 0, 0, 0, 0, 1, 4
"c:\Users\User\Desktop\Devbridge\Projektas\sourcery-academy-2020-spring-team-edvinas\book-library\sass\svg\no_image.svg", "XML", 0, 0, 0, 0, 0, 0, 17, 0, 0, 0, 0, 0, 0, 0, 0, 2, 19
"c:\Users\User\Desktop\Devbridge\Projektas\sourcery-academy-2020-spring-team-edvinas\book-library\sass\svg\notification-bell-unread.svg", "XML", 0, 0, 0, 0, 0, 0, 4, 0, 0, 0, 0, 0, 0, 0, 0, 1, 5
"c:\Users\User\Desktop\Devbridge\Projektas\sourcery-academy-2020-spring-team-edvinas\book-library\sass\svg\notification-bell.svg", "XML", 0, 0, 0, 0, 0, 0, 3, 0, 0, 0, 0, 0, 0, 0, 0, 1, 4
"c:\Users\User\Desktop\Devbridge\Projektas\sourcery-academy-2020-spring-team-edvinas\book-library\sass\svg\office.svg", "XML", 0, 0, 0, 0, 0, 0, 1, 0, 0, 0, 0, 0, 0, 0, 0, 0, 1
"c:\Users\User\Desktop\Devbridge\Projektas\sourcery-academy-2020-spring-team-edvinas\book-library\sass\svg\radio_checked.svg", "XML", 0, 0, 0, 0, 0, 0, 1, 0, 0, 0, 0, 0, 0, 0, 0, 0, 1
"c:\Users\User\Desktop\Devbridge\Projektas\sourcery-academy-2020-spring-team-edvinas\book-library\sass\svg\radio_unchecked.svg", "XML", 0, 0, 0, 0, 0, 0, 1, 0, 0, 0, 0, 0, 0, 0, 0, 0, 1
"c:\Users\User\Desktop\Devbridge\Projektas\sourcery-academy-2020-spring-team-edvinas\book-library\sass\svg\remove.svg", "XML", 0, 0, 0, 0, 0, 0, 3, 0, 0, 0, 0, 0, 0, 0, 0, 1, 4
"c:\Users\User\Desktop\Devbridge\Projektas\sourcery-academy-2020-spring-team-edvinas\book-library\sass\svg\search.svg", "XML", 0, 0, 0, 0, 0, 0, 5, 0, 0, 0, 0, 0, 0, 0, 0, 1, 6
"c:\Users\User\Desktop\Devbridge\Projektas\sourcery-academy-2020-spring-team-edvinas\book-library\sass\svg\send.svg", "XML", 0, 0, 0, 0, 0, 0, 1, 0, 0, 0, 0, 0, 0, 0, 0, 0, 1
"c:\Users\User\Desktop\Devbridge\Projektas\sourcery-academy-2020-spring-team-edvinas\book-library\sass\svg\settings.svg", "XML", 0, 0, 0, 0, 0, 0, 3, 0, 0, 0, 0, 0, 0, 0, 0, 1, 4
"c:\Users\User\Desktop\Devbridge\Projektas\sourcery-academy-2020-spring-team-edvinas\book-library\sass\svg\star.svg", "XML", 0, 0, 0, 0, 0, 0, 1, 0, 0, 0, 0, 0, 0, 0, 0, 0, 1
"c:\Users\User\Desktop\Devbridge\Projektas\sourcery-academy-2020-spring-team-edvinas\book-library\sass\svg\star_border.svg", "XML", 0, 0, 0, 0, 0, 0, 1, 0, 0, 0, 0, 0, 0, 0, 0, 0, 1
"c:\Users\User\Desktop\Devbridge\Projektas\sourcery-academy-2020-spring-team-edvinas\book-library\sass\svg\star_half.svg", "XML", 0, 0, 0, 0, 0, 0, 1, 0, 0, 0, 0, 0, 0, 0, 0, 0, 1
"c:\Users\User\Desktop\Devbridge\Projektas\sourcery-academy-2020-spring-team-edvinas\book-library\sass\svg\thumb_up.svg", "XML", 0, 0, 0, 0, 0, 0, 1, 0, 0, 0, 0, 0, 0, 0, 0, 0, 1
"c:\Users\User\Desktop\Devbridge\Projektas\sourcery-academy-2020-spring-team-edvinas\book-library\sass\svg\wishlist.svg", "XML", 0, 0, 0, 0, 0, 0, 3, 0, 0, 0, 0, 0, 0, 0, 0, 1, 4
"c:\Users\User\Desktop\Devbridge\Projektas\sourcery-academy-2020-spring-team-edvinas\book-library\src\App.jsx", "JavaScript React", 0, 0, 0, 0, 0, 0, 0, 83, 0, 0, 0, 0, 0, 0, 20, 7, 110
"c:\Users\User\Desktop\Devbridge\Projektas\sourcery-academy-2020-spring-team-edvinas\book-library\src\components\ActionItem.jsx", "JavaScript React", 0, 0, 0, 0, 0, 0, 0, 12, 0, 0, 0, 0, 0, 0, 2, 3, 17
"c:\Users\User\Desktop\Devbridge\Projektas\sourcery-academy-2020-spring-team-edvinas\book-library\src\components\BookAvailabilitySection.jsx", "JavaScript React", 0, 0, 0, 0, 0, 0, 0, 262, 0, 0, 0, 0, 0, 0, 5, 22, 289
"c:\Users\User\Desktop\Devbridge\Projektas\sourcery-academy-2020-spring-team-edvinas\book-library\src\components\BookCommentComponent.jsx", "JavaScript React", 0, 0, 0, 0, 0, 0, 0, 50, 0, 0, 0, 0, 0, 0, 1, 6, 57
"c:\Users\User\Desktop\Devbridge\Projektas\sourcery-academy-2020-spring-team-edvinas\book-library\src\components\BookCommentsSection.jsx", "JavaScript React", 0, 0, 0, 0, 0, 0, 0, 152, 0, 0, 0, 0, 0, 0, 2, 11, 165
"c:\Users\User\Desktop\Devbridge\Projektas\sourcery-academy-2020-spring-team-edvinas\book-library\src\components\BookDetails.jsx", "JavaScript React", 0, 0, 0, 0, 0, 0, 0, 309, 0, 0, 0, 0, 0, 0, 6, 20, 335
"c:\Users\User\Desktop\Devbridge\Projektas\sourcery-academy-2020-spring-team-edvinas\book-library\src\components\BookDetailsGrid.jsx", "JavaScript React", 0, 0, 0, 0, 0, 0, 0, 57, 0, 0, 0, 0, 0, 0, 0, 10, 67
"c:\Users\User\Desktop\Devbridge\Projektas\sourcery-academy-2020-spring-team-edvinas\book-library\src\components\BookForm.jsx", "JavaScript React", 0, 0, 0, 0, 0, 0, 0, 165, 0, 0, 0, 0, 0, 0, 147, 17, 329
"c:\Users\User\Desktop\Devbridge\Projektas\sourcery-academy-2020-spring-team-edvinas\book-library\src\components\BookList.jsx", "JavaScript React", 0, 0, 0, 0, 0, 0, 0, 50, 0, 0, 0, 0, 0, 0, 5, 8, 63
"c:\Users\User\Desktop\Devbridge\Projektas\sourcery-academy-2020-spring-team-edvinas\book-library\src\components\BookListItem.jsx", "JavaScript React", 0, 0, 0, 0, 0, 0, 0, 64, 0, 0, 0, 0, 0, 0, 5, 6, 75
"c:\Users\User\Desktop\Devbridge\Projektas\sourcery-academy-2020-spring-team-edvinas\book-library\src\components\BookReservationsSection.jsx", "JavaScript React", 0, 0, 0, 0, 0, 0, 0, 163, 0, 0, 0, 0, 0, 0, 0, 8, 171
"c:\Users\User\Desktop\Devbridge\Projektas\sourcery-academy-2020-spring-team-edvinas\book-library\src\components\BooksSection.jsx", "JavaScript React", 0, 0, 0, 0, 0, 0, 0, 22, 0, 0, 0, 0, 0, 0, 1, 2, 25
"c:\Users\User\Desktop\Devbridge\Projektas\sourcery-academy-2020-spring-team-edvinas\book-library\src\components\Button.jsx", "JavaScript React", 0, 0, 0, 0, 0, 0, 0, 63, 0, 0, 0, 0, 0, 0, 1, 7, 71
"c:\Users\User\Desktop\Devbridge\Projektas\sourcery-academy-2020-spring-team-edvinas\book-library\src\components\CantFind.jsx", "JavaScript React", 0, 0, 0, 0, 0, 0, 0, 25, 0, 0, 0, 0, 0, 0, 1, 2, 28
"c:\Users\User\Desktop\Devbridge\Projektas\sourcery-academy-2020-spring-team-edvinas\book-library\src\components\Categories.jsx", "JavaScript React", 0, 0, 0, 0, 0, 0, 0, 58, 0, 0, 0, 0, 0, 0, 3, 5, 66
"c:\Users\User\Desktop\Devbridge\Projektas\sourcery-academy-2020-spring-team-edvinas\book-library\src\components\CheckInForm.jsx", "JavaScript React", 0, 0, 0, 0, 0, 0, 0, 78, 0, 0, 0, 0, 0, 0, 3, 6, 87
"c:\Users\User\Desktop\Devbridge\Projektas\sourcery-academy-2020-spring-team-edvinas\book-library\src\components\CommentForm.jsx", "JavaScript React", 0, 0, 0, 0, 0, 0, 0, 51, 0, 0, 0, 0, 0, 0, 1, 10, 62
"c:\Users\User\Desktop\Devbridge\Projektas\sourcery-academy-2020-spring-team-edvinas\book-library\src\components\ConfirmationForm.jsx", "JavaScript React", 0, 0, 0, 0, 0, 0, 0, 17, 0, 0, 0, 0, 0, 0, 2, 2, 21
"c:\Users\User\Desktop\Devbridge\Projektas\sourcery-academy-2020-spring-team-edvinas\book-library\src\components\CurrentlyReadingSection.jsx", "JavaScript React", 0, 0, 0, 0, 0, 0, 0, 93, 0, 0, 0, 0, 0, 0, 2, 9, 104
"c:\Users\User\Desktop\Devbridge\Projektas\sourcery-academy-2020-spring-team-edvinas\book-library\src\components\Filter.jsx", "JavaScript React", 0, 0, 0, 0, 0, 0, 0, 162, 0, 0, 0, 0, 0, 0, 8, 15, 185
"c:\Users\User\Desktop\Devbridge\Projektas\sourcery-academy-2020-spring-team-edvinas\book-library\src\components\FilterPopupContent.jsx", "JavaScript React", 0, 0, 0, 0, 0, 0, 0, 259, 0, 0, 0, 0, 0, 0, 3, 25, 287
"c:\Users\User\Desktop\Devbridge\Projektas\sourcery-academy-2020-spring-team-edvinas\book-library\src\components\Modal.jsx", "JavaScript React", 0, 0, 0, 0, 0, 0, 0, 34, 0, 0, 0, 0, 0, 0, 6, 2, 42
"c:\Users\User\Desktop\Devbridge\Projektas\sourcery-academy-2020-spring-team-edvinas\book-library\src\components\Navigation.jsx", "JavaScript React", 0, 0, 0, 0, 0, 0, 0, 88, 0, 0, 0, 0, 0, 0, 0, 7, 95
"c:\Users\User\Desktop\Devbridge\Projektas\sourcery-academy-2020-spring-team-edvinas\book-library\src\components\Panel.jsx", "JavaScript React", 0, 0, 0, 0, 0, 0, 0, 38, 0, 0, 0, 0, 0, 0, 0, 5, 43
"c:\Users\User\Desktop\Devbridge\Projektas\sourcery-academy-2020-spring-team-edvinas\book-library\src\components\Radio.jsx", "JavaScript React", 0, 0, 0, 0, 0, 0, 0, 9, 0, 0, 0, 0, 0, 0, 2, 3, 14
"c:\Users\User\Desktop\Devbridge\Projektas\sourcery-academy-2020-spring-team-edvinas\book-library\src\components\ReservationModalContent.jsx", "JavaScript React", 0, 0, 0, 0, 0, 0, 0, 164, 0, 0, 0, 0, 0, 0, 5, 12, 181
"c:\Users\User\Desktop\Devbridge\Projektas\sourcery-academy-2020-spring-team-edvinas\book-library\src\components\ReservationsTableItem.jsx", "JavaScript React", 0, 0, 0, 0, 0, 0, 0, 132, 0, 0, 0, 0, 0, 0, 3, 7, 142
"c:\Users\User\Desktop\Devbridge\Projektas\sourcery-academy-2020-spring-team-edvinas\book-library\src\components\ReturnDate.jsx", "JavaScript React", 0, 0, 0, 0, 0, 0, 0, 20, 0, 0, 0, 0, 0, 0, 1, 4, 25
"c:\Users\User\Desktop\Devbridge\Projektas\sourcery-academy-2020-spring-team-edvinas\book-library\src\components\SearchBar.jsx", "JavaScript React", 0, 0, 0, 0, 0, 0, 0, 73, 0, 0, 0, 0, 0, 0, 2, 5, 80
"c:\Users\User\Desktop\Devbridge\Projektas\sourcery-academy-2020-spring-team-edvinas\book-library\src\components\SearchBarResultBlock.jsx", "JavaScript React", 0, 0, 0, 0, 0, 0, 0, 22, 0, 0, 0, 0, 0, 0, 0, 2, 24
"c:\Users\User\Desktop\Devbridge\Projektas\sourcery-academy-2020-spring-team-edvinas\book-library\src\components\Select.jsx", "JavaScript React", 0, 0, 0, 0, 0, 0, 0, 63, 0, 0, 0, 0, 0, 0, 1, 11, 75
"c:\Users\User\Desktop\Devbridge\Projektas\sourcery-academy-2020-spring-team-edvinas\book-library\src\components\Spinner.jsx", "JavaScript React", 0, 0, 0, 0, 0, 0, 0, 17, 0, 0, 0, 0, 0, 0, 0, 2, 19
"c:\Users\User\Desktop\Devbridge\Projektas\sourcery-academy-2020-spring-team-edvinas\book-library\src\components\TeamReservationsTable.jsx", "JavaScript React", 0, 0, 0, 0, 0, 0, 0, 298, 0, 0, 0, 0, 0, 0, 6, 14, 318
"c:\Users\User\Desktop\Devbridge\Projektas\sourcery-academy-2020-spring-team-edvinas\book-library\src\components\UserForm.jsx", "JavaScript React", 0, 0, 0, 0, 0, 0, 0, 103, 0, 0, 0, 0, 0, 0, 1, 14, 118
"c:\Users\User\Desktop\Devbridge\Projektas\sourcery-academy-2020-spring-team-edvinas\book-library\src\components\UserImage.jsx", "JavaScript React", 0, 0, 0, 0, 0, 0, 0, 25, 0, 0, 0, 0, 0, 0, 1, 6, 32
"c:\Users\User\Desktop\Devbridge\Projektas\sourcery-academy-2020-spring-team-edvinas\book-library\src\components\UserInfo.jsx", "JavaScript React", 0, 0, 0, 0, 0, 0, 0, 23, 0, 0, 0, 0, 0, 0, 1, 4, 28
"c:\Users\User\Desktop\Devbridge\Projektas\sourcery-academy-2020-spring-team-edvinas\book-library\src\components\UserReservationsTable.jsx", "JavaScript React", 0, 0, 0, 0, 0, 0, 0, 155, 0, 0, 0, 0, 0, 0, 5, 11, 171
"c:\Users\User\Desktop\Devbridge\Projektas\sourcery-academy-2020-spring-team-edvinas\book-library\src\components\WaitlistModal.jsx", "JavaScript React", 0, 0, 0, 0, 0, 0, 0, 49, 0, 0, 0, 0, 0, 0, 5, 5, 59
"c:\Users\User\Desktop\Devbridge\Projektas\sourcery-academy-2020-spring-team-edvinas\book-library\src\components\WishForm.jsx", "JavaScript React", 0, 0, 0, 0, 0, 0, 0, 81, 0, 0, 0, 0, 0, 0, 2, 9, 92
"c:\Users\User\Desktop\Devbridge\Projektas\sourcery-academy-2020-spring-team-edvinas\book-library\src\components\WishlistVotes.jsx", "JavaScript React", 0, 0, 0, 0, 0, 0, 0, 15, 0, 0, 0, 0, 0, 0, 0, 5, 20
"c:\Users\User\Desktop\Devbridge\Projektas\sourcery-academy-2020-spring-team-edvinas\book-library\src\components\index.js", "JavaScript", 0, 0, 0, 38, 0, 0, 0, 0, 0, 0, 0, 0, 0, 0, 1, 2, 41
"c:\Users\User\Desktop\Devbridge\Projektas\sourcery-academy-2020-spring-team-edvinas\book-library\src\core\history.js", "JavaScript", 0, 0, 0, 2, 0, 0, 0, 0, 0, 0, 0, 0, 0, 0, 0, 2, 4
"c:\Users\User\Desktop\Devbridge\Projektas\sourcery-academy-2020-spring-team-edvinas\book-library\src\core\httpClient.js", "JavaScript", 0, 0, 0, 75, 0, 0, 0, 0, 0, 0, 0, 0, 0, 0, 4, 16, 95
"c:\Users\User\Desktop\Devbridge\Projektas\sourcery-academy-2020-spring-team-edvinas\book-library\src\features\dashboard\Dashboard.jsx", "JavaScript React", 0, 0, 0, 0, 0, 0, 0, 65, 0, 0, 0, 0, 0, 0, 0, 7, 72
"c:\Users\User\Desktop\Devbridge\Projektas\sourcery-academy-2020-spring-team-edvinas\book-library\src\features\dashboard\index.js", "JavaScript", 0, 0, 0, 2, 0, 0, 0, 0, 0, 0, 0, 0, 0, 0, 1, 2, 5
"c:\Users\User\Desktop\Devbridge\Projektas\sourcery-academy-2020-spring-team-edvinas\book-library\src\features\index.js", "JavaScript", 0, 0, 0, 18, 0, 0, 0, 0, 0, 0, 0, 0, 0, 0, 0, 2, 20
"c:\Users\User\Desktop\Devbridge\Projektas\sourcery-academy-2020-spring-team-edvinas\book-library\src\features\library\EditBook.jsx", "JavaScript React", 0, 0, 0, 0, 0, 0, 0, 37, 0, 0, 0, 0, 0, 0, 2, 6, 45
"c:\Users\User\Desktop\Devbridge\Projektas\sourcery-academy-2020-spring-team-edvinas\book-library\src\features\library\Library.jsx", "JavaScript React", 0, 0, 0, 0, 0, 0, 0, 149, 0, 0, 0, 0, 0, 0, 3, 11, 163
"c:\Users\User\Desktop\Devbridge\Projektas\sourcery-academy-2020-spring-team-edvinas\book-library\src\features\library\RegisterBook.jsx", "JavaScript React", 0, 0, 0, 0, 0, 0, 0, 25, 0, 0, 0, 0, 0, 0, 1, 5, 31
"c:\Users\User\Desktop\Devbridge\Projektas\sourcery-academy-2020-spring-team-edvinas\book-library\src\features\library\index.js", "JavaScript", 0, 0, 0, 4, 0, 0, 0, 0, 0, 0, 0, 0, 0, 0, 0, 2, 6
"c:\Users\User\Desktop\Devbridge\Projektas\sourcery-academy-2020-spring-team-edvinas\book-library\src\features\login\Login.jsx", "JavaScript React", 0, 0, 0, 0, 0, 0, 0, 57, 0, 0, 0, 0, 0, 0, 1, 6, 64
"c:\Users\User\Desktop\Devbridge\Projektas\sourcery-academy-2020-spring-team-edvinas\book-library\src\features\registration\Registration.jsx", "JavaScript React", 0, 0, 0, 0, 0, 0, 0, 126, 0, 0, 0, 0, 0, 0, 1, 9, 136
"c:\Users\User\Desktop\Devbridge\Projektas\sourcery-academy-2020-spring-team-edvinas\book-library\src\features\reservations\Reservations.jsx", "JavaScript React", 0, 0, 0, 0, 0, 0, 0, 44, 0, 0, 0, 0, 0, 0, 0, 4, 48
"c:\Users\User\Desktop\Devbridge\Projektas\sourcery-academy-2020-spring-team-edvinas\book-library\src\features\user-settings\UserSettings.jsx", "JavaScript React", 0, 0, 0, 0, 0, 0, 0, 18, 0, 0, 0, 0, 0, 0, 1, 3, 22
"c:\Users\User\Desktop\Devbridge\Projektas\sourcery-academy-2020-spring-team-edvinas\book-library\src\features\user-settings\index.js", "JavaScript", 0, 0, 0, 2, 0, 0, 0, 0, 0, 0, 0, 0, 0, 0, 1, 2, 5
"c:\Users\User\Desktop\Devbridge\Projektas\sourcery-academy-2020-spring-team-edvinas\book-library\src\features\wishlist\Wishlist.jsx", "JavaScript React", 0, 0, 0, 0, 0, 0, 0, 200, 0, 0, 0, 0, 0, 0, 3, 14, 217
"c:\Users\User\Desktop\Devbridge\Projektas\sourcery-academy-2020-spring-team-edvinas\book-library\src\features\wishlist\index.js", "JavaScript", 0, 0, 0, 2, 0, 0, 0, 0, 0, 0, 0, 0, 0, 0, 1, 2, 5
"c:\Users\User\Desktop\Devbridge\Projektas\sourcery-academy-2020-spring-team-edvinas\book-library\src\index.jsx", "JavaScript React", 0, 0, 0, 0, 0, 0, 0, 26, 0, 0, 0, 0, 0, 0, 1, 4, 31
"c:\Users\User\Desktop\Devbridge\Projektas\sourcery-academy-2020-spring-team-edvinas\book-library\src\serviceWorker.js", "JavaScript", 0, 0, 0, 98, 0, 0, 0, 0, 0, 0, 0, 0, 0, 0, 35, 13, 146
"c:\Users\User\Desktop\Devbridge\Projektas\sourcery-academy-2020-spring-team-edvinas\book-library\src\store\comments\actionTypes.js", "JavaScript", 0, 0, 0, 8, 0, 0, 0, 0, 0, 0, 0, 0, 0, 0, 0, 4, 12
"c:\Users\User\Desktop\Devbridge\Projektas\sourcery-academy-2020-spring-team-edvinas\book-library\src\store\comments\actions.js", "JavaScript", 0, 0, 0, 39, 0, 0, 0, 0, 0, 0, 0, 0, 0, 0, 0, 6, 45
"c:\Users\User\Desktop\Devbridge\Projektas\sourcery-academy-2020-spring-team-edvinas\book-library\src\store\comments\api.js", "JavaScript", 0, 0, 0, 17, 0, 0, 0, 0, 0, 0, 0, 0, 0, 0, 1, 5, 23
"c:\Users\User\Desktop\Devbridge\Projektas\sourcery-academy-2020-spring-team-edvinas\book-library\src\store\comments\index.js", "JavaScript", 0, 0, 0, 3, 0, 0, 0, 0, 0, 0, 0, 0, 0, 0, 0, 2, 5
"c:\Users\User\Desktop\Devbridge\Projektas\sourcery-academy-2020-spring-team-edvinas\book-library\src\store\comments\reducer.js", "JavaScript", 0, 0, 0, 34, 0, 0, 0, 0, 0, 0, 0, 0, 0, 0, 0, 5, 39
"c:\Users\User\Desktop\Devbridge\Projektas\sourcery-academy-2020-spring-team-edvinas\book-library\src\store\comments\sagas.js", "JavaScript", 0, 0, 0, 98, 0, 0, 0, 0, 0, 0, 0, 0, 0, 0, 10, 9, 117
"c:\Users\User\Desktop\Devbridge\Projektas\sourcery-academy-2020-spring-team-edvinas\book-library\src\store\dashboard\actionTypes.js", "JavaScript", 0, 0, 0, 8, 0, 0, 0, 0, 0, 0, 0, 0, 0, 0, 0, 1, 9
"c:\Users\User\Desktop\Devbridge\Projektas\sourcery-academy-2020-spring-team-edvinas\book-library\src\store\dashboard\actions.js", "JavaScript", 0, 0, 0, 31, 0, 0, 0, 0, 0, 0, 0, 0, 0, 0, 0, 2, 33
"c:\Users\User\Desktop\Devbridge\Projektas\sourcery-academy-2020-spring-team-edvinas\book-library\src\store\dashboard\api.js", "JavaScript", 0, 0, 0, 10, 0, 0, 0, 0, 0, 0, 0, 0, 0, 0, 1, 4, 15
"c:\Users\User\Desktop\Devbridge\Projektas\sourcery-academy-2020-spring-team-edvinas\book-library\src\store\dashboard\index.js", "JavaScript", 0, 0, 0, 3, 0, 0, 0, 0, 0, 0, 0, 0, 0, 0, 0, 2, 5
"c:\Users\User\Desktop\Devbridge\Projektas\sourcery-academy-2020-spring-team-edvinas\book-library\src\store\dashboard\reducer.js", "JavaScript", 0, 0, 0, 38, 0, 0, 0, 0, 0, 0, 0, 0, 0, 0, 0, 3, 41
"c:\Users\User\Desktop\Devbridge\Projektas\sourcery-academy-2020-spring-team-edvinas\book-library\src\store\dashboard\sagas.js", "JavaScript", 0, 0, 0, 50, 0, 0, 0, 0, 0, 0, 0, 0, 0, 0, 4, 5, 59
"c:\Users\User\Desktop\Devbridge\Projektas\sourcery-academy-2020-spring-team-edvinas\book-library\src\store\general\actionTypes.js", "JavaScript", 0, 0, 0, 3, 0, 0, 0, 0, 0, 0, 0, 0, 0, 0, 0, 1, 4
"c:\Users\User\Desktop\Devbridge\Projektas\sourcery-academy-2020-spring-team-edvinas\book-library\src\store\general\actions.js", "JavaScript", 0, 0, 0, 7, 0, 0, 0, 0, 0, 0, 0, 0, 0, 0, 0, 2, 9
"c:\Users\User\Desktop\Devbridge\Projektas\sourcery-academy-2020-spring-team-edvinas\book-library\src\store\general\api.js", "JavaScript", 0, 0, 0, 0, 0, 0, 0, 0, 0, 0, 0, 0, 0, 0, 0, 1, 1
"c:\Users\User\Desktop\Devbridge\Projektas\sourcery-academy-2020-spring-team-edvinas\book-library\src\store\general\index.js", "JavaScript", 0, 0, 0, 3, 0, 0, 0, 0, 0, 0, 0, 0, 0, 0, 0, 2, 5
"c:\Users\User\Desktop\Devbridge\Projektas\sourcery-academy-2020-spring-team-edvinas\book-library\src\store\general\reducer.js", "JavaScript", 0, 0, 0, 37, 0, 0, 0, 0, 0, 0, 0, 0, 0, 0, 0, 3, 40
"c:\Users\User\Desktop\Devbridge\Projektas\sourcery-academy-2020-spring-team-edvinas\book-library\src\store\general\sagas.js", "JavaScript", 0, 0, 0, 2, 0, 0, 0, 0, 0, 0, 0, 0, 0, 0, 1, 1, 4
"c:\Users\User\Desktop\Devbridge\Projektas\sourcery-academy-2020-spring-team-edvinas\book-library\src\store\library\actionTypes.js", "JavaScript", 0, 0, 0, 24, 0, 0, 0, 0, 0, 0, 0, 0, 0, 0, 0, 1, 25
"c:\Users\User\Desktop\Devbridge\Projektas\sourcery-academy-2020-spring-team-edvinas\book-library\src\store\library\actions.js", "JavaScript", 0, 0, 0, 115, 0, 0, 0, 0, 0, 0, 0, 0, 0, 0, 0, 16, 131
"c:\Users\User\Desktop\Devbridge\Projektas\sourcery-academy-2020-spring-team-edvinas\book-library\src\store\library\api.js", "JavaScript", 0, 0, 0, 38, 0, 0, 0, 0, 0, 0, 0, 0, 0, 0, 1, 11, 50
"c:\Users\User\Desktop\Devbridge\Projektas\sourcery-academy-2020-spring-team-edvinas\book-library\src\store\library\index.js", "JavaScript", 0, 0, 0, 3, 0, 0, 0, 0, 0, 0, 0, 0, 0, 0, 0, 2, 5
"c:\Users\User\Desktop\Devbridge\Projektas\sourcery-academy-2020-spring-team-edvinas\book-library\src\store\library\reducer.js", "JavaScript", 0, 0, 0, 129, 0, 0, 0, 0, 0, 0, 0, 0, 0, 0, 0, 12, 141
"c:\Users\User\Desktop\Devbridge\Projektas\sourcery-academy-2020-spring-team-edvinas\book-library\src\store\library\sagas.js", "JavaScript", 0, 0, 0, 184, 0, 0, 0, 0, 0, 0, 0, 0, 0, 0, 12, 14, 210
"c:\Users\User\Desktop\Devbridge\Projektas\sourcery-academy-2020-spring-team-edvinas\book-library\src\store\office\actionTypes.js", "JavaScript", 0, 0, 0, 2, 0, 0, 0, 0, 0, 0, 0, 0, 0, 0, 0, 1, 3
"c:\Users\User\Desktop\Devbridge\Projektas\sourcery-academy-2020-spring-team-edvinas\book-library\src\store\office\actions.js", "JavaScript", 0, 0, 0, 6, 0, 0, 0, 0, 0, 0, 0, 0, 0, 0, 0, 2, 8
"c:\Users\User\Desktop\Devbridge\Projektas\sourcery-academy-2020-spring-team-edvinas\book-library\src\store\office\api.js", "JavaScript", 0, 0, 0, 4, 0, 0, 0, 0, 0, 0, 0, 0, 0, 0, 1, 2, 7
"c:\Users\User\Desktop\Devbridge\Projektas\sourcery-academy-2020-spring-team-edvinas\book-library\src\store\office\index.js", "JavaScript", 0, 0, 0, 3, 0, 0, 0, 0, 0, 0, 0, 0, 0, 0, 0, 2, 5
"c:\Users\User\Desktop\Devbridge\Projektas\sourcery-academy-2020-spring-team-edvinas\book-library\src\store\office\reducer.js", "JavaScript", 0, 0, 0, 21, 0, 0, 0, 0, 0, 0, 0, 0, 0, 0, 0, 4, 25
"c:\Users\User\Desktop\Devbridge\Projektas\sourcery-academy-2020-spring-team-edvinas\book-library\src\store\office\sagas.js", "JavaScript", 0, 0, 0, 14, 0, 0, 0, 0, 0, 0, 0, 0, 0, 0, 2, 3, 19
"c:\Users\User\Desktop\Devbridge\Projektas\sourcery-academy-2020-spring-team-edvinas\book-library\src\store\reducers.js", "JavaScript", 0, 0, 0, 22, 0, 0, 0, 0, 0, 0, 0, 0, 0, 0, 0, 3, 25
"c:\Users\User\Desktop\Devbridge\Projektas\sourcery-academy-2020-spring-team-edvinas\book-library\src\store\reservations\actionTypes.js", "JavaScript", 0, 0, 0, 23, 0, 0, 0, 0, 0, 0, 0, 0, 0, 0, 0, 9, 32
"c:\Users\User\Desktop\Devbridge\Projektas\sourcery-academy-2020-spring-team-edvinas\book-library\src\store\reservations\actions.js", "JavaScript", 0, 0, 0, 92, 0, 0, 0, 0, 0, 0, 0, 0, 0, 0, 0, 13, 105
"c:\Users\User\Desktop\Devbridge\Projektas\sourcery-academy-2020-spring-team-edvinas\book-library\src\store\reservations\api.js", "JavaScript", 0, 0, 0, 34, 0, 0, 0, 0, 0, 0, 0, 0, 0, 0, 2, 9, 45
"c:\Users\User\Desktop\Devbridge\Projektas\sourcery-academy-2020-spring-team-edvinas\book-library\src\store\reservations\index.js", "JavaScript", 0, 0, 0, 3, 0, 0, 0, 0, 0, 0, 0, 0, 0, 0, 0, 2, 5
"c:\Users\User\Desktop\Devbridge\Projektas\sourcery-academy-2020-spring-team-edvinas\book-library\src\store\reservations\reducer.js", "JavaScript", 0, 0, 0, 121, 0, 0, 0, 0, 0, 0, 0, 0, 0, 0, 0, 11, 132
"c:\Users\User\Desktop\Devbridge\Projektas\sourcery-academy-2020-spring-team-edvinas\book-library\src\store\reservations\sagas.js", "JavaScript", 0, 0, 0, 141, 0, 0, 0, 0, 0, 0, 0, 0, 0, 0, 8, 11, 160
"c:\Users\User\Desktop\Devbridge\Projektas\sourcery-academy-2020-spring-team-edvinas\book-library\src\store\reservations\selectors.js", "JavaScript", 0, 0, 0, 2, 0, 0, 0, 0, 0, 0, 0, 0, 0, 0, 0, 0, 2
"c:\Users\User\Desktop\Devbridge\Projektas\sourcery-academy-2020-spring-team-edvinas\book-library\src\store\sagas.js", "JavaScript", 0, 0, 0, 23, 0, 0, 0, 0, 0, 0, 0, 0, 0, 0, 0, 2, 25
"c:\Users\User\Desktop\Devbridge\Projektas\sourcery-academy-2020-spring-team-edvinas\book-library\src\store\search-bar\actionTypes.js", "JavaScript", 0, 0, 0, 3, 0, 0, 0, 0, 0, 0, 0, 0, 0, 0, 0, 1, 4
"c:\Users\User\Desktop\Devbridge\Projektas\sourcery-academy-2020-spring-team-edvinas\book-library\src\store\search-bar\actions.js", "JavaScript", 0, 0, 0, 14, 0, 0, 0, 0, 0, 0, 0, 0, 0, 0, 0, 3, 17
"c:\Users\User\Desktop\Devbridge\Projektas\sourcery-academy-2020-spring-team-edvinas\book-library\src\store\search-bar\api.js", "JavaScript", 0, 0, 0, 4, 0, 0, 0, 0, 0, 0, 0, 0, 0, 0, 1, 2, 7
"c:\Users\User\Desktop\Devbridge\Projektas\sourcery-academy-2020-spring-team-edvinas\book-library\src\store\search-bar\index.js", "JavaScript", 0, 0, 0, 3, 0, 0, 0, 0, 0, 0, 0, 0, 0, 0, 0, 2, 5
"c:\Users\User\Desktop\Devbridge\Projektas\sourcery-academy-2020-spring-team-edvinas\book-library\src\store\search-bar\reducer.js", "JavaScript", 0, 0, 0, 32, 0, 0, 0, 0, 0, 0, 0, 0, 0, 0, 0, 3, 35
"c:\Users\User\Desktop\Devbridge\Projektas\sourcery-academy-2020-spring-team-edvinas\book-library\src\store\search-bar\sagas.js", "JavaScript", 0, 0, 0, 14, 0, 0, 0, 0, 0, 0, 0, 0, 0, 0, 1, 3, 18
"c:\Users\User\Desktop\Devbridge\Projektas\sourcery-academy-2020-spring-team-edvinas\book-library\src\store\store.js", "JavaScript", 0, 0, 0, 6, 0, 0, 0, 0, 0, 0, 0, 0, 0, 0, 0, 4, 10
"c:\Users\User\Desktop\Devbridge\Projektas\sourcery-academy-2020-spring-team-edvinas\book-library\src\store\user\actionTypes.js", "JavaScript", 0, 0, 0, 14, 0, 0, 0, 0, 0, 0, 0, 0, 0, 0, 0, 8, 22
"c:\Users\User\Desktop\Devbridge\Projektas\sourcery-academy-2020-spring-team-edvinas\book-library\src\store\user\actions.js", "JavaScript", 0, 0, 0, 66, 0, 0, 0, 0, 0, 0, 0, 0, 0, 0, 0, 5, 71
"c:\Users\User\Desktop\Devbridge\Projektas\sourcery-academy-2020-spring-team-edvinas\book-library\src\store\user\api.js", "JavaScript", 0, 0, 0, 22, 0, 0, 0, 0, 0, 0, 0, 0, 0, 0, 2, 8, 32
"c:\Users\User\Desktop\Devbridge\Projektas\sourcery-academy-2020-spring-team-edvinas\book-library\src\store\user\index.js", "JavaScript", 0, 0, 0, 3, 0, 0, 0, 0, 0, 0, 0, 0, 0, 0, 0, 2, 5
"c:\Users\User\Desktop\Devbridge\Projektas\sourcery-academy-2020-spring-team-edvinas\book-library\src\store\user\reducer.js", "JavaScript", 0, 0, 0, 43, 0, 0, 0, 0, 0, 0, 0, 0, 0, 0, 0, 9, 52
"c:\Users\User\Desktop\Devbridge\Projektas\sourcery-academy-2020-spring-team-edvinas\book-library\src\store\user\sagas.js", "JavaScript", 0, 0, 0, 104, 0, 0, 0, 0, 0, 0, 0, 0, 0, 0, 8, 9, 121
"c:\Users\User\Desktop\Devbridge\Projektas\sourcery-academy-2020-spring-team-edvinas\book-library\src\store\wishlist\actionTypes.js", "JavaScript", 0, 0, 0, 14, 0, 0, 0, 0, 0, 0, 0, 0, 0, 0, 0, 7, 21
"c:\Users\User\Desktop\Devbridge\Projektas\sourcery-academy-2020-spring-team-edvinas\book-library\src\store\wishlist\actions.js", "JavaScript", 0, 0, 0, 68, 0, 0, 0, 0, 0, 0, 0, 0, 0, 0, 0, 11, 79
"c:\Users\User\Desktop\Devbridge\Projektas\sourcery-academy-2020-spring-team-edvinas\book-library\src\store\wishlist\api.js", "JavaScript", 0, 0, 0, 24, 0, 0, 0, 0, 0, 0, 0, 0, 0, 0, 2, 7, 33
"c:\Users\User\Desktop\Devbridge\Projektas\sourcery-academy-2020-spring-team-edvinas\book-library\src\store\wishlist\index.js", "JavaScript", 0, 0, 0, 3, 0, 0, 0, 0, 0, 0, 0, 0, 0, 0, 0, 2, 5
"c:\Users\User\Desktop\Devbridge\Projektas\sourcery-academy-2020-spring-team-edvinas\book-library\src\store\wishlist\reducer.js", "JavaScript", 0, 0, 0, 83, 0, 0, 0, 0, 0, 0, 0, 0, 0, 0, 0, 10, 93
"c:\Users\User\Desktop\Devbridge\Projektas\sourcery-academy-2020-spring-team-edvinas\book-library\src\store\wishlist\sagas.js", "JavaScript", 0, 0, 0, 104, 0, 0, 0, 0, 0, 0, 0, 0, 0, 0, 8, 9, 121
"c:\Users\User\Desktop\Devbridge\Projektas\sourcery-academy-2020-spring-team-edvinas\book-library\src\utilities\dateHalper.js", "JavaScript", 0, 0, 0, 10, 0, 0, 0, 0, 0, 0, 0, 0, 0, 0, 1, 4, 15
"c:\Users\User\Desktop\Devbridge\Projektas\sourcery-academy-2020-spring-team-edvinas\book-library\src\utilities\fieldSorter.js", "JavaScript", 0, 0, 0, 22, 0, 0, 0, 0, 0, 0, 0, 0, 0, 0, 0, 3, 25
"c:\Users\User\Desktop\Devbridge\Projektas\sourcery-academy-2020-spring-team-edvinas\book-library\src\utilities\index.js", "JavaScript", 0, 0, 0, 12, 0, 0, 0, 0, 0, 0, 0, 0, 0, 0, 0, 2, 14
"c:\Users\User\Desktop\Devbridge\Projektas\sourcery-academy-2020-spring-team-edvinas\book-library\src\utilities\paramGenerator.js", "JavaScript", 0, 0, 0, 32, 0, 0, 0, 0, 0, 0, 0, 0, 0, 0, 3, 5, 40
"c:\Users\User\Desktop\Devbridge\Projektas\sourcery-academy-2020-spring-team-edvinas\book-library\src\utilities\toast.js", "JavaScript", 0, 0, 0, 8, 0, 0, 0, 0, 0, 0, 0, 0, 0, 0, 0, 1, 9
"c:\Users\User\Desktop\Devbridge\Projektas\sourcery-academy-2020-spring-team-edvinas\cloud-build\cloudbuild.yaml", "YAML", 0, 72, 0, 0, 0, 0, 0, 0, 0, 0, 0, 0, 0, 0, 2, 8, 82
"c:\Users\User\Desktop\Devbridge\Projektas\sourcery-academy-2020-spring-team-edvinas\docker-compose.yml", "YAML", 0, 7, 0, 0, 0, 0, 0, 0, 0, 0, 0, 0, 0, 0, 0, 1, 8
"c:\Users\User\Desktop\Devbridge\Projektas\sourcery-academy-2020-spring-team-edvinas\docker\mssql\Dockerfile", "Dockerfile", 0, 0, 0, 0, 0, 0, 0, 0, 11, 0, 0, 0, 0, 0, 1, 8, 20
"c:\Users\User\Desktop\Devbridge\Projektas\sourcery-academy-2020-spring-team-edvinas\docker\mssql\configure-db.sh", "Shell Script", 0, 0, 0, 0, 0, 0, 0, 0, 0, 0, 14, 0, 0, 0, 3, 6, 23
"c:\Users\User\Desktop\Devbridge\Projektas\sourcery-academy-2020-spring-team-edvinas\docker\mssql\entrypoint.sh", "Shell Script", 0, 0, 0, 0, 0, 0, 0, 0, 0, 0, 3, 0, 0, 0, 4, 4, 11
"c:\Users\User\Desktop\Devbridge\Projektas\sourcery-academy-2020-spring-team-edvinas\docker\mssql\setup.sql", "SQL", 0, 0, 0, 0, 0, 0, 0, 0, 0, 0, 0, 0, 8, 0, 0, 0, 8
"c:\Users\User\Desktop\Devbridge\Projektas\sourcery-academy-2020-spring-team-edvinas\prototype\Content\Images\logo.svg", "XML", 0, 0, 0, 0, 0, 0, 5, 0, 0, 0, 0, 0, 0, 0, 0, 1, 6
"c:\Users\User\Desktop\Devbridge\Projektas\sourcery-academy-2020-spring-team-edvinas\prototype\Content\Styles\CSS\main.css", "CSS", 0, 0, 0, 0, 0, 0, 0, 0, 0, 0, 0, 0, 0, 1272, 0, 75, 1347
"c:\Users\User\Desktop\Devbridge\Projektas\sourcery-academy-2020-spring-team-edvinas\prototype\Includes\head.html", "HTML", 0, 0, 0, 0, 0, 8, 0, 0, 0, 0, 0, 0, 0, 0, 0, 0, 8
"c:\Users\User\Desktop\Devbridge\Projektas\sourcery-academy-2020-spring-team-edvinas\prototype\Includes\layout\header.html", "HTML", 0, 0, 0, 0, 0, 48, 0, 0, 0, 0, 0, 0, 0, 0, 0, 1, 49
"c:\Users\User\Desktop\Devbridge\Projektas\sourcery-academy-2020-spring-team-edvinas\prototype\Includes\layout\sidebar.html", "HTML", 0, 0, 0, 0, 0, 56, 0, 0, 0, 0, 0, 0, 0, 0, 0, 1, 57
"c:\Users\User\Desktop\Devbridge\Projektas\sourcery-academy-2020-spring-team-edvinas\prototype\Includes\scripts.shtml", "HTML", 0, 0, 0, 0, 0, 1, 0, 0, 0, 0, 0, 0, 0, 0, 2, 0, 3
"c:\Users\User\Desktop\Devbridge\Projektas\sourcery-academy-2020-spring-team-edvinas\prototype\Includes\templates\book.html", "HTML", 0, 0, 0, 0, 0, 6, 0, 0, 0, 0, 0, 0, 0, 0, 1, 1, 8
"c:\Users\User\Desktop\Devbridge\Projektas\sourcery-academy-2020-spring-team-edvinas\prototype\Includes\templates\modal.html", "HTML", 0, 0, 0, 0, 0, 9, 0, 0, 0, 0, 0, 0, 0, 0, 0, 0, 9
"c:\Users\User\Desktop\Devbridge\Projektas\sourcery-academy-2020-spring-team-edvinas\prototype\Includes\templates\reservation-panel.html", "HTML", 0, 0, 0, 0, 0, 3, 0, 0, 0, 0, 0, 0, 0, 0, 0, 0, 3
"c:\Users\User\Desktop\Devbridge\Projektas\sourcery-academy-2020-spring-team-edvinas\prototype\Includes\templates\spinner.html", "HTML", 0, 0, 0, 0, 0, 13, 0, 0, 0, 0, 0, 0, 0, 0, 0, 0, 13
"c:\Users\User\Desktop\Devbridge\Projektas\sourcery-academy-2020-spring-team-edvinas\prototype\dashboard\index.shtml", "HTML", 0, 0, 0, 0, 0, 48, 0, 0, 0, 0, 0, 0, 0, 0, 4, 1, 53
"c:\Users\User\Desktop\Devbridge\Projektas\sourcery-academy-2020-spring-team-edvinas\prototype\dashboard\spinner\index.shtml", "HTML", 0, 0, 0, 0, 0, 48, 0, 0, 0, 0, 0, 0, 0, 0, 5, 1, 54
"c:\Users\User\Desktop\Devbridge\Projektas\sourcery-academy-2020-spring-team-edvinas\prototype\index.shtml", "HTML", 0, 0, 0, 0, 0, 18, 0, 0, 0, 0, 0, 0, 0, 0, 4, 1, 23
"c:\Users\User\Desktop\Devbridge\Projektas\sourcery-academy-2020-spring-team-edvinas\prototype\library\details\index.shtml", "HTML", 0, 0, 0, 0, 0, 67, 0, 0, 0, 0, 0, 0, 0, 0, 5, 9, 81
"c:\Users\User\Desktop\Devbridge\Projektas\sourcery-academy-2020-spring-team-edvinas\prototype\library\index.shtml", "HTML", 0, 0, 0, 0, 0, 22, 0, 0, 0, 0, 0, 0, 0, 0, 4, 0, 26
"c:\Users\User\Desktop\Devbridge\Projektas\sourcery-academy-2020-spring-team-edvinas\prototype\reservations\index.shtml", "HTML", 0, 0, 0, 0, 0, 18, 0, 0, 0, 0, 0, 0, 0, 0, 4, 1, 23
"c:\Users\User\Desktop\Devbridge\Projektas\sourcery-academy-2020-spring-team-edvinas\prototype\scripts\html5shim.js", "JavaScript", 0, 0, 0, 140, 0, 0, 0, 0, 0, 0, 0, 0, 0, 0, 117, 42, 299
"c:\Users\User\Desktop\Devbridge\Projektas\sourcery-academy-2020-spring-team-edvinas\prototype\scripts\libs\jquery1.8.3.min.js", "JavaScript", 0, 0, 0, 1, 0, 0, 0, 0, 0, 0, 0, 0, 0, 0, 1, 1, 3
"c:\Users\User\Desktop\Devbridge\Projektas\sourcery-academy-2020-spring-team-edvinas\prototype\scripts\main.js", "JavaScript", 0, 0, 0, 70, 0, 0, 0, 0, 0, 0, 0, 0, 0, 0, 2, 3, 75
"c:\Users\User\Desktop\Devbridge\Projektas\sourcery-academy-2020-spring-team-edvinas\prototype\scripts\modules\site.js", "JavaScript", 0, 0, 0, 240, 0, 0, 0, 0, 0, 0, 0, 0, 0, 0, 32, 33, 305
"c:\Users\User\Desktop\Devbridge\Projektas\sourcery-academy-2020-spring-team-edvinas\prototype\scripts\plugins\jquery.autocomplete.js", "JavaScript", 0, 0, 0, 573, 0, 0, 0, 0, 0, 0, 0, 0, 0, 0, 39, 124, 736
"c:\Users\User\Desktop\Devbridge\Projektas\sourcery-academy-2020-spring-team-edvinas\prototype\scripts\plugins\jquery.datepick.js", "JavaScript", 0, 0, 0, 1644, 0, 0, 0, 0, 0, 0, 0, 0, 0, 0, 343, 70, 2057
"c:\Users\User\Desktop\Devbridge\Projektas\sourcery-academy-2020-spring-team-edvinas\prototype\scripts\plugins\jquery.mockjax.js", "JavaScript", 0, 0, 0, 397, 0, 0, 0, 0, 0, 0, 0, 0, 0, 0, 99, 68, 564
"c:\Users\User\Desktop\Devbridge\Projektas\sourcery-academy-2020-spring-team-edvinas\prototype\scripts\plugins\jquery.modal.js", "JavaScript", 0, 0, 0, 232, 0, 0, 0, 0, 0, 0, 0, 0, 0, 0, 13, 53, 298
"c:\Users\User\Desktop\Devbridge\Projektas\sourcery-academy-2020-spring-team-edvinas\prototype\scripts\plugins\jquery.validate.js", "JavaScript", 0, 0, 0, 989, 0, 0, 0, 0, 0, 0, 0, 0, 0, 0, 108, 134, 1231
"c:\Users\User\Desktop\Devbridge\Projektas\sourcery-academy-2020-spring-team-edvinas\prototype\scripts\require.js", "JavaScript", 0, 0, 0, 1206, 0, 0, 0, 0, 0, 0, 0, 0, 0, 0, 538, 250, 1994
"c:\Users\User\Desktop\Devbridge\Projektas\sourcery-academy-2020-spring-team-edvinas\prototype\wishlist\index.shtml", "HTML", 0, 0, 0, 0, 0, 18, 0, 0, 0, 0, 0, 0, 0, 0, 4, 1, 23
"Total", "-", 19893, 121, 28, 7851, 98, 402, 248, 4351, 16, 18199, 17, 2317, 8, 1272, 1996, 6994, 63811